id,domain,status,purchase_price,renewal_price,attractiveness,demand,length,registrar,created_at,expires_at,status_verified_at
771d9b0b-9273-4ec0-8982-3e99e84e73f0,cta.photography,available,14.49,36.49,high,low,3,namesilo,,,29/09/2026 22:44
cb6e9544-2c92-48a4-9d5c-a6c8c52e8210,insensitive.photography,available,6.41,29.18,medium,low,11,spaceship,,,29/09/2026 03:19
d68719ad-fd71-4ac6-9db2-d95a54e1b9de,fan.photography,premium,23.6,23.6,high,medium,3,namesilo,,,23/09/2026 10:11
4ae8a8d8-c0fb-4fe5-a38d-449605a3e2b0,francisca.photography,available,9.99,,high,low,9,name.com,,,
87d39ed0-e802-4fb1-86b1-36cf894cbc30,australasian.photography,available,6.41,29.18,medium,low,12,spaceship,,,29/09/2026 03:04
75c91805-94fa-4d7f-8f01-82bef218f34c,haploid.photography,available,6.98,46.48,medium,low,7,namecheap,,,20/08/2026 23:55
a6310e48-1b22-449c-9637-b726e8d22981,relaxant.photography,available,6.98,46.48,high,low,8,namecheap,,,09/09/2026 13:22
f4db453b-6592-4e2d-983d-ad6f32c22f61,argyle.photography,available,14.49,36.49,high,low,6,namesilo,,,20/09/2026 04:57
f4d0c50a-627a-4e80-abef-e8aa832b1fe5,por.photography,premium,20.5,,medium,low,3,unstoppable,,,28/09/2026 21:27
b3fc50e1-26a6-4520-9b60-5555ceb0c5f9,sportive.photography,available,6.98,46.48,medium,low,8,namecheap,,,12/08/2026 18:10
036fffd6-cffd-4360-9922-7ac08530111c,untracked.photography,available,6.98,46.48,medium,low,9,namecheap,,,08/09/2026 10:31
5c5faf54-ae8b-4dbd-8186-40335a6addd6,exchanges.photography,available,6.41,29.18,medium,low,9,spaceship,,,29/09/2026 08:56
b7c9910a-5160-4ff2-999d-ac34ca3d0ac2,predict.photography,available,14.49,36.49,high,medium,7,namesilo,,,21/09/2026 03:41
e45dc948-c5db-4609-be06-e294e8697ee5,paralytic.photography,available,6.98,46.48,medium,low,9,namecheap,,,08/09/2026 00:57
60da8275-8f4f-4ba4-b8ab-59e3042d7f3a,ashes.photography,available,6.98,46.48,medium,low,5,namecheap,,,27/09/2026 09:10
16209f95-b2ad-497a-90ac-a053c2f740e7,archil.photography,available,14.49,36.49,medium,low,6,namesilo,,,20/09/2026 02:06
432c77ed-c5d5-4229-8807-299a07d830ad,colder.photography,available,5.66,29.35,low,low,6,porkbun,,,29/09/2026 10:18
f7638c62-85e1-4641-8567-07390370cf85,confluent.photography,available,6.98,46.48,high,low,9,namecheap,,,12/08/2026 21:07
764a8f75-bda5-4f85-86b6-dc4be7096153,newsletter.photography,available,5.66,29.35,high,low,10,porkbun,,,30/09/2026 02:23
b2929d5b-a286-49bd-9876-8b3197277eb0,staring.photography,available,14.49,36.49,high,low,7,namesilo,,,21/09/2026 22:19
5f4cffc5-61a6-494d-bd27-272cc870c717,rolled.photography,available,6.98,46.48,medium,low,6,namecheap,,,18/08/2026 18:46
29618341-a2ea-4627-af84-d2b5ec441da6,dre.photography,available,13.5,,high,low,3,unstoppable,,,29/09/2026 21:06
2d77b5b5-1402-4b32-85ab-155b9f3245a4,cyanide.photography,available,6.41,29.18,medium,low,7,spaceship,,,30/09/2026 09:19
5d6204fe-8e2c-4263-8297-bd66f6c9e709,treatments.photography,available,13.5,,medium,low,10,unstoppable,,,29/09/2026 04:46
48d00811-fb4e-4e88-8a45-93699f5b8c6c,astana.photography,available,14.49,36.49,medium,low,6,namesilo,,,18/09/2026 00:11
8cb8d721-5548-4c24-a1c2-a16c05d9f6a5,awakened.photography,available,14.49,36.49,high,low,8,namesilo,,,22/09/2026 14:47
26d2ea62-d899-4096-aa43-282a1bd6aaa0,perimeter.photography,available,9.99,61.99,high,low,9,godaddy,,,28/09/2026 01:41
06346476-6c48-429f-97d0-de6e186a4712,once.photography,available,6.98,46.48,high,low,4,namecheap,,,24/09/2026 15:11
70c6a6f5-38c2-44a6-b886-8bfec40982a7,typhoon.photography,available,6.41,29.18,high,low,7,spaceship,,,29/09/2026 14:05
c2b0a233-9c9e-4d8b-89eb-11f130a07f4c,layered.photography,available,6.98,46.48,high,low,7,namecheap,,,22/08/2026 21:32
33ca6438-c82c-4904-b049-6aee0afe331b,cancellous.photography,available,6.98,46.48,medium,low,10,namecheap,,,11/08/2026 16:31
27c143da-dc63-410d-9346-6d8b7d64f176,insipid.photography,available,6.98,46.48,medium,low,7,namecheap,,,10/08/2026 12:59
61881999-0ab1-405b-9ddb-09b55c2aef09,disappears.photography,available,14.49,36.49,low,low,10,namesilo,,,28/09/2026 13:25
f4b9c872-a4b7-4121-b2d0-9cd424428bb4,reluctantly.photography,available,14.49,36.49,medium,low,11,namesilo,,,30/09/2026 11:53
8368a85c-12d2-4a7b-a655-714c51a99b4a,honesty.photography,available,5.57,30.18,high,low,7,dynadot,,,28/09/2026 06:00
09aecf2f-018b-4f43-94c1-b07aaede594e,squat.photography,available,14.49,36.49,high,low,5,namesilo,,,25/09/2026 15:16
771ac551-1cfc-4bc8-ac7a-f1c0c25fcc92,firewall.photography,available,28.2,28.2,high,low,8,cloudflare,,,01/10/2026 02:10
94e57100-657f-46b7-b941-911e01d977b3,jockstrap.photography,available,6.98,46.48,medium,low,9,namecheap,,,20/09/2026 21:10
06a5ff4b-8a9f-4915-a5ae-b7f428a1eadf,pepsi.photography,available,5.66,29.35,high,low,5,porkbun,,,30/09/2026 06:38
93142c2b-8435-478a-bf15-20360a5c0380,mercado.photography,available,14.49,36.49,high,low,7,namesilo,,,01/10/2026 11:41
0566e8ab-9987-483b-922f-dba1f358936c,destiny.photography,available,14.49,36.49,high,low,7,namesilo,,,29/09/2026 09:18
d9ab88e4-0bd7-46d3-8faf-5aaa97fa81b4,trey.photography,available,6.98,46.48,high,low,4,namecheap,,,
e0fa104b-d43a-4f23-bc57-10c68470c3c7,chalky.photography,available,6.98,46.48,medium,low,6,namecheap,,,11/08/2026 13:39
ed94fba6-5457-470a-934d-51fb120d0bc4,hooved.photography,available,6.98,46.48,medium,low,6,namecheap,,,21/08/2026 13:42
470a1415-3290-4dc7-b7e7-9eda59d4ccce,perceptive.photography,available,6.98,46.48,high,low,10,namecheap,,,08/09/2026 16:12
882eb3d4-4d26-4344-9a51-19ddfd5394f4,bankhead.photography,available,6.98,46.48,medium,low,8,namecheap,,,22/09/2026 02:47
923d14e0-e1c5-485e-ba35-779f2271488b,richly.photography,available,6.98,46.48,high,low,6,namecheap,,,13/09/2026 19:38
9dd9596b-3cf8-4993-8948-1aeb197fbe58,issues.photography,available,6.98,46.48,medium,low,6,namecheap,,,25/09/2026 21:11
9427f617-609d-4af1-81ff-a1056aae3d3b,acetyl.photography,available,14.49,36.49,medium,low,6,namesilo,,,17/09/2026 00:19
8f1d3b28-3be2-4cd9-9d3a-0dab8b03d0dc,injury.photography,available,14.49,36.49,high,low,6,namesilo,,,25/09/2026 06:58
6dd105d5-0f63-49a9-8867-9e7a7774eb01,puebla.photography,available,28.2,28.2,medium,low,6,cloudflare,,,28/09/2026 10:03
a53da3bc-597a-4b0f-ba2e-49b22d4174df,battered.photography,available,6.98,46.48,medium,low,8,namecheap,,,22/09/2026 18:12
c37f56be-1ff1-4ec5-884b-33334025f4cb,ergonomics.photography,available,6.98,46.48,high,low,10,namecheap,,,23/09/2026 17:53
e85fd9aa-bd2b-4268-bef4-7bffde5df436,earns.photography,available,5.57,30.18,medium,low,5,dynadot,,,01/10/2026 18:15
c00f1a9e-5ee3-4366-8e41-66fbc8aa8566,heavenly.photography,available,6.98,46.48,high,low,8,namecheap,,,11/08/2026 23:21
c2e13ca6-a2c1-4331-a6b3-76bdbcb8fd4c,cheering.photography,available,6.98,46.48,high,low,8,namecheap,,,12/08/2026 03:45
2cb285aa-0b06-4fb5-9ba0-f4b71cd7cc1d,lapsed.photography,available,6.98,46.48,medium,low,6,namecheap,,,22/08/2026 19:47
29cf7a5b-ac32-4923-a8c3-097ce5127df5,crest.photography,available,28.2,28.2,high,low,5,cloudflare,,,28/09/2026 18:32
f42a7a56-363b-44ff-8395-625e0ab1cfb1,mandate.photography,available,13.5,36.49,medium,low,7,unstoppable,,,29/09/2026 15:56
6aa39396-aa5f-49ac-be2b-751165cf8a76,logically.photography,available,6.98,46.48,high,low,9,namecheap,,,15/09/2026 12:41
9ed7c493-5ef4-46e2-9e85-d350e648334d,dwarf.photography,available,6.98,46.48,medium,low,5,namecheap,,,24/08/2026 22:31
2ab671df-4045-43cd-9f70-e9d85da33700,waddington.photography,available,6.41,29.18,medium,low,10,spaceship,,,01/10/2026 11:02
89fbf1fd-0eb4-47a3-a568-7d9f2980c801,mouthcare.photography,available,9.99,,medium,low,9,name.com,,,
22e6dbc7-9eb9-4b05-bb16-c51827ef3273,medically.photography,available,6.98,46.48,medium,low,9,namecheap,,,15/09/2026 13:56
4e66c116-e798-4585-b62e-b6baa3e980e4,kankakee.photography,available,28.2,28.2,medium,low,8,cloudflare,,,30/09/2026 22:09
a6df300e-35da-4b52-b1c4-faec85e3e6d2,hoe.photography,premium,23.6,23.6,high,low,3,namesilo,,,01/10/2026 02:37
491c61a0-d7f2-4093-8ac9-454e7e0d246e,awkwardly.photography,available,6.98,46.48,medium,low,9,namecheap,,,13/09/2026 22:55
ef184497-f8c7-406d-9bbc-16f1b40640e5,tertiary.photography,available,6.98,46.48,medium,low,8,namecheap,,,
6a2407c2-7920-40c9-a360-f0236180adbc,stands.photography,available,9.99,,medium,low,6,name.com,,,
e146e8ff-62c2-461a-96fb-5554cc154404,whiteside.photography,available,5.66,29.35,medium,low,9,porkbun,,,30/09/2026 20:26
96fc6cec-5d7c-400b-b617-b75a0d6952df,fortissimo.photography,available,6.98,46.48,high,low,10,namecheap,,,18/08/2026 12:41
77124b81-62a4-45d7-ba95-93364ee401a9,terminally.photography,available,14.49,36.49,medium,low,10,namesilo,,,16/09/2026 08:25
77527c3c-2e9f-45f7-87db-94c51036d912,wondered.photography,available,6.41,29.18,high,low,8,spaceship,,,01/10/2026 17:45
e1f90a94-4f89-44e2-8527-219e26f22af5,unrealistic.photography,available,6.41,29.18,high,low,11,spaceship,,,29/09/2026 21:08
148c4f4e-508c-4316-9295-0b9530f37438,monroe.photography,available,9.99,61.99,high,low,6,godaddy,,,28/09/2026 02:11
af004f05-0dcb-4aae-9c7f-3528d1556802,theatres.photography,available,14.49,36.49,medium,low,8,namesilo,,,20/09/2026 19:41
514738fd-2675-4f99-b7f8-1100675089d0,bathe.photography,available,14.49,36.49,high,low,5,namesilo,,,29/09/2026 01:32
055bafe7-1281-4ae8-a8aa-30a6b0f0eeef,spangly.photography,available,6.98,46.48,medium,low,7,namecheap,,,18/08/2026 21:20
4b0f0201-1adc-48f2-af89-5aa3ba6ea5fc,hygiene.photography,available,6.41,29.18,high,low,7,spaceship,,,29/09/2026 01:19
fde6b8c5-e7b4-447e-a0cb-7864da6bb6f8,scanning.photography,available,5.57,30.18,high,low,8,dynadot,,,28/09/2026 15:18
982dc96d-2e9c-447a-967e-8af72625abd8,ducts.photography,available,6.41,29.18,medium,low,5,spaceship,,,02/10/2026 02:56
375f2445-9cd3-4314-ab13-57af839e4350,opalescent.photography,available,6.98,46.48,medium,low,10,namecheap,,,04/09/2026 15:43
89ac885a-bca8-4986-ac1f-36b11d7ac9f2,fatuous.photography,available,6.98,46.48,low,low,7,namecheap,,,07/08/2026 02:39
54fe6882-6d47-486b-89c7-a3bd8ad8d6d1,legend.photography,available,6.41,29.18,high,low,6,spaceship,,,30/09/2026 02:45
d80d89e0-2757-48e5-9fd1-9d755eeb0393,ferdinand.photography,available,14.49,36.49,high,low,9,namesilo,,,25/09/2026 05:57
d9bacf4c-01e6-4756-a665-7d5d9d30ce16,tiro.photography,available,14.49,36.49,medium,low,4,namesilo,,,23/09/2026 02:28
f2f6a88f-1b91-470d-8681-eccf5ba19f53,unspaced.photography,available,6.98,46.48,medium,low,8,namecheap,,,12/09/2026 20:24
f089c047-21e6-4ba4-9b32-d0e310bbe316,dank.photography,resell,,,high,low,4,"GoDaddy.com, LLC",10/04/2018 20:59,10/04/2027 20:59,26/09/2026 05:25
4484b057-aeb2-4af4-9f5b-eacee2e32c3a,turtledove.photography,available,14.49,36.49,medium,low,10,namesilo,,,21/09/2026 04:53
b984a9db-ee5c-4e1d-a5ff-f80ea6f861f5,smoothen.photography,available,6.98,46.48,medium,low,8,namecheap,,,08/09/2026 23:04
4bf57e7d-4bbe-497c-bde7-038709c0f89b,auden.photography,available,6.98,46.48,medium,low,5,namecheap,,,21/09/2026 02:48
090c7502-586f-4163-a43e-9fb515bf2df9,flavorless.photography,available,6.98,46.48,medium,low,10,namecheap,,,10/08/2026 12:57
8da924aa-d576-48c9-90ba-bffdf941c1b5,arame.photography,available,14.49,36.49,medium,low,5,namesilo,,,19/09/2026 23:56
3e314269-b0e0-4486-8091-3736f6cbcb42,macquarie.photography,available,28.2,28.2,high,low,9,cloudflare,,,29/09/2026 09:16
a2e57fcf-aa1b-4ee2-9204-07e6dc5ec49f,unequal.photography,available,6.98,46.48,medium,low,7,namecheap,,,22/08/2026 00:15
e9f43ee5-bffd-4c7e-be4a-1ac8e6f7f55b,completions.photography,available,28.2,28.2,medium,low,11,cloudflare,,,30/09/2026 00:48
ef727cba-8345-4592-875f-af78e7b3052d,humanities.photography,available,14.49,36.49,high,low,10,namesilo,,,28/09/2026 22:20
e8a90cab-eb8b-44d8-9648-d87508797781,retain.photography,available,6.41,29.18,high,low,6,spaceship,,,30/09/2026 20:28
5781255f-6585-49cd-8ecd-d96a7d2b341e,specialized.photography,available,6.41,29.18,high,low,11,spaceship,,,01/10/2026 09:42
ab2849e3-93e4-4213-9c5a-89f618066c4b,phyllis.photography,premium,11.19,22.36,medium,low,7,porkbun,,,28/09/2026 07:46
af72cf89-23fb-42a8-96c6-7c1cf5041b6c,postnatal.photography,available,6.98,46.48,medium,low,9,namecheap,,,09/09/2026 00:35
317a53d1-f129-416f-9f45-bff1f4a0171a,glum.photography,available,6.98,46.48,medium,low,4,namecheap,,,20/08/2026 14:57
3932a867-0e4b-4d41-897a-25c8851a2481,wrong.photography,available,14.49,36.49,high,low,5,namesilo,,,25/09/2026 07:41
b83cc198-deb9-42e4-a0e2-1eff026d35da,successor.photography,available,6.41,29.18,high,low,9,spaceship,,,30/09/2026 12:13
566f01be-3b3b-4aed-9e7d-d87d2b53d78a,opulent.photography,available,6.98,46.48,high,low,7,namecheap,,,14/08/2026 00:58
2c3c11d2-2aa5-40f9-9051-cca1d35c1d2c,bagger.photography,available,6.98,46.48,medium,low,6,namecheap,,,21/09/2026 18:02
a5806c3d-b9c3-4285-b247-4dfdb6653e19,kicker.photography,available,28.2,28.2,high,low,6,cloudflare,,,30/09/2026 17:48
7bfd5fea-ca13-4577-8197-e586c9878bba,businesses.photography,available,13.5,36.49,high,low,10,unstoppable,,,01/10/2026 02:58
1d421a0a-deb5-411a-827c-722583d2a690,judicial.photography,available,6.98,46.48,high,low,8,namecheap,,,22/08/2026 14:14
221833b3-110b-4760-a653-4f3e9be631d1,atonia.photography,available,6.98,46.48,medium,low,6,namecheap,,,19/09/2026 00:37
ed8bdbd3-0d61-4599-be11-be60bc38eae0,stallion.photography,available,6.98,46.48,high,low,8,namecheap,,,24/09/2026 14:09
09dbb630-6a1d-49d5-ae06-541264a68944,diversely.photography,available,6.98,46.48,medium,low,9,namecheap,,,14/09/2026 13:25
bb8cce34-d318-42b0-875d-d6f58e77a3c1,amnesty.photography,available,14.49,36.49,high,low,7,namesilo,,,18/09/2026 22:23
b8672326-b9b6-489c-bfb9-d509083a6fb5,ruinous.photography,available,6.98,46.48,medium,low,7,namecheap,,,10/08/2026 13:28
6e75e446-46f8-451f-8ae4-aa7ba0f3e2f5,sarcasm.photography,available,14.49,36.49,high,low,7,namesilo,,,24/09/2026 13:16
962247b3-a0d3-4839-884b-96a8cbd5765b,zionist.photography,available,6.98,46.48,high,low,7,namecheap,,,13/09/2026 15:21
a83112d2-5bb9-4474-964b-b6fcedec7566,caisson.photography,available,6.98,46.48,medium,low,7,namecheap,,,18/09/2026 22:17
37035384-2491-4ffe-8081-20a27a2f2a9d,aiming.photography,available,28.2,28.2,high,low,6,cloudflare,,,28/09/2026 07:21
5f451568-ae2a-4d96-b582-292eca8f0e89,backbiter.photography,available,14.49,36.49,medium,low,9,namesilo,,,21/09/2026 15:08
062c5cc3-69a2-47c8-a258-08e10ddaf3c8,geothermal.photography,available,6.98,46.48,high,low,10,namecheap,,,18/08/2026 22:39
1ff510a1-f05e-4dc7-8c6a-221dd15606a1,innate.photography,available,6.98,46.48,high,low,6,namecheap,,,12/08/2026 21:44
62ec6317-461a-4318-869d-2f70750aa334,fumbling.photography,available,6.98,46.48,medium,low,8,namecheap,,,11/08/2026 10:05
c17cb8c2-8baf-4887-a080-680bba2a84d6,exactly.photography,available,14.49,36.49,high,low,7,namesilo,,,26/09/2026 00:15
732175cb-ca09-4759-80e1-f05a7dda326d,valencia.photography,available,28.2,28.2,high,low,8,cloudflare,,,01/10/2026 04:05
482d4621-e286-4d28-8662-8b2796774dc4,successes.photography,available,9.99,,medium,low,9,name.com,,,
71f35eca-6f79-4cc8-82f0-c293a638f881,perchance.photography,available,6.98,46.48,medium,low,9,namecheap,,,14/09/2026 02:12
310827b4-f137-4b87-8205-0a3280151c4f,achaea.photography,available,14.49,36.49,medium,low,6,namesilo,,,17/09/2026 00:27
75b7be06-30c9-4bfc-9e84-fba1f9d66abc,phoebus.photography,available,14.49,36.49,high,low,7,namesilo,,,19/09/2026 18:43
8f3c90a4-20b1-4a9b-b9ee-ac0503fc9e22,uncounted.photography,available,6.98,46.48,medium,low,9,namecheap,,,13/08/2026 03:44
99efe7d5-bec2-4954-880b-acc91c78fd6c,homes.photography,premium,118.8,118.8,high,low,5,namesilo,,,18/09/2026 16:52
42529c31-f84d-44a8-9d5b-6fd350973c00,consensus.photography,available,13.5,,high,low,9,unstoppable,,,29/09/2026 11:05
2604118e-1ca5-481f-9ff8-4beaf70e3dc9,effect.photography,available,5.66,29.35,high,low,6,porkbun,,,29/09/2026 11:08
60008965-06b7-4190-8b87-56e53929544e,stippled.photography,available,6.98,46.48,medium,low,8,namecheap,,,14/08/2026 16:36
a4b9793e-ddaa-4856-9450-539a33ea3558,timur.photography,available,5.66,29.35,medium,low,5,porkbun,,,30/09/2026 18:52
b3a9fc46-b17e-46ae-b685-ab23d361011a,nutritious.photography,available,14.49,36.49,high,low,10,namesilo,,,19/09/2026 11:02
8f864da5-803f-4988-af0f-eb663eacba26,uproar.photography,available,6.41,29.18,medium,low,6,spaceship,,,29/09/2026 04:35
527e23e9-9ffb-4770-976b-85bd6189fedf,polities.photography,available,6.98,46.48,low,low,8,namecheap,,,02/10/2026 02:06
0a50953e-f414-43ac-870d-8dcaf12544bc,forests.photography,available,14.49,36.49,medium,low,7,namesilo,,,18/09/2026 06:04
02ce0ab7-b5f3-4114-8418-3d51ca51da30,outlandish.photography,available,6.98,46.48,medium,low,10,namecheap,,,10/08/2026 10:37
7f07dcaa-0885-4e3b-a4a2-0cf88cc03248,barbwire.photography,available,14.49,36.49,medium,low,8,namesilo,,,22/09/2026 04:47
7e95c0c2-70db-4608-8299-3402a0115a7d,thermionic.photography,available,6.98,46.48,medium,low,10,namecheap,,,11/09/2026 12:56
a5c34895-cea8-42eb-aadd-b36342ebc043,harlow.photography,available,6.41,29.18,high,low,6,spaceship,,,28/09/2026 05:57
2f5d55e8-1ec5-4f2e-b8fe-2d13c7530198,myrtle.photography,available,13.5,,medium,low,6,unstoppable,,,30/09/2026 18:06
047d9b31-9027-4be4-93d9-977a038e7da2,northampton.photography,premium,78.54,78.54,medium,low,11,namesilo,,,25/09/2026 14:57
3460af44-3647-4651-ad98-a6ff2293efbb,realizable.photography,available,14.49,36.49,high,low,10,namesilo,,,21/09/2026 15:51
d498f153-d60c-440c-9470-ea59d8db2ad8,informed.photography,available,14.49,36.49,high,low,8,namesilo,,,25/09/2026 09:34
12c96e81-44a6-4af6-a942-84bd70eaff14,tank.photography,available,14.49,36.49,high,low,4,namesilo,,,20/09/2026 07:27
46dec698-1548-42f0-9024-b34b24d6d6f6,heliacal.photography,available,6.98,46.48,medium,low,8,namecheap,,,21/08/2026 06:23
d4c8eddc-488a-4b13-90af-2da26a7e300a,eightfold.photography,available,6.98,46.48,medium,low,9,namecheap,,,15/08/2026 21:27
fc11f590-d9e5-45df-b122-34315aba79a2,midwinter.photography,available,9.99,,medium,low,10,name.com,,,
d3d4a887-10ec-4b86-a5ed-bfcccc8782ac,bize.photography,available,14.49,36.49,medium,low,4,namesilo,,,23/09/2026 21:41
2e81e868-2685-4922-aac8-d33b8829188e,napkins.photography,available,6.98,46.48,medium,low,7,namecheap,,,21/09/2026 05:52
bcf5d481-3366-4a16-8656-9cc4d4bfa839,translator.photography,available,6.41,29.18,high,low,10,spaceship,,,28/09/2026 19:30
db1ae5e4-4668-405e-89f3-c963f389e25c,sumbuddy.photography,available,28.2,28.2,low,low,8,cloudflare,,,02/10/2026 04:45
a21f9e5c-f493-4f8b-810b-385b9aab6d6a,obtrusive.photography,available,6.98,46.48,medium,low,9,namecheap,,,04/09/2026 00:07
52ef79e9-cc09-48a4-bc90-2e2ee2115c08,dis.photography,premium,23.6,23.6,high,low,3,namesilo,,,24/09/2026 22:25
445148b8-7306-45de-83c8-fa469787bd34,tested.photography,available,9.99,61.99,high,low,6,godaddy,,,28/09/2026 02:20
8218deb7-6d53-48f3-9ea8-fb8ff7fd8888,barking.photography,available,6.41,29.18,medium,low,7,spaceship,,,28/09/2026 11:18
c767867d-b0a3-4f3a-bf00-220a0abd117c,mealy.photography,available,6.98,46.48,low,low,5,namecheap,,,12/08/2026 14:05
a15f14d1-c5aa-438c-8dd9-ee3a452c9240,sitcom.photography,available,14.49,36.49,high,low,6,namesilo,,,01/10/2026 21:43
1f196260-a5ed-4a40-a184-56cfee904699,downwind.photography,available,6.98,46.48,medium,low,8,namecheap,,,14/08/2026 18:03
643e5440-8d62-4507-b371-1c436f9736c5,drome.photography,available,14.49,36.49,high,low,5,namesilo,,,17/09/2026 12:59
78d2311e-e56a-468b-a4b4-327779147e9d,writhing.photography,available,6.98,46.48,medium,low,8,namecheap,,,13/09/2026 13:45
d710f05e-8d2e-4a45-b164-7324f5056406,muffin.photography,available,5.57,30.18,high,low,6,dynadot,,,30/09/2026 05:23
ad4c89d0-4cf2-4fe6-8214-c5307fff5c4e,bercy.photography,available,14.49,36.49,medium,low,5,namesilo,,,23/09/2026 09:16
2d737b84-c7a3-4a35-ab6b-91af3fa3f61c,thankfully.photography,available,14.49,36.49,high,low,10,namesilo,,,16/09/2026 08:28
15e42abf-a4ef-4c62-a72c-6197b5f2ea37,banter.photography,available,28.2,28.2,high,low,6,cloudflare,,,28/09/2026 07:57
d0b87022-6bfe-45a6-a6a1-6251810d7d0f,teutonic.photography,available,6.98,46.48,medium,low,8,namecheap,,,11/09/2026 12:13
0f58e5dc-8e0c-4d78-8b84-314fa29031b5,curzon.photography,available,28.2,28.2,medium,low,6,cloudflare,,,29/09/2026 22:25
75532de4-4443-41cf-ab1d-69ed8edfe9dc,poets.photography,available,28.2,28.2,medium,low,5,cloudflare,,,28/09/2026 22:26
754c9edb-3706-447f-b5dc-2d066140d4ed,mauve.photography,available,6.98,46.48,high,low,5,namecheap,,,24/08/2026 17:37
3a34be35-15d5-4beb-9daa-38904c571fb0,bony.photography,available,6.98,46.48,medium,low,4,namecheap,,,10/08/2026 18:42
c39f1945-6076-4bc6-bde6-43c9634eefc7,explained.photography,available,14.49,36.49,medium,low,9,namesilo,,,17/09/2026 15:48
838d64e9-dccf-426b-97cd-004196ead883,corporate.photography,premium,20.9,20.9,high,low,9,spaceship,,,01/10/2026 02:28
e62bd954-6449-49e9-b661-2dbc81bcb76b,flammable.photography,available,6.98,46.48,medium,low,9,namecheap,,,18/08/2026 06:32
8c66c508-faa0-4858-9004-7446fb065408,stink.photography,available,28.2,28.2,high,low,5,cloudflare,,,29/09/2026 19:15
e60a954a-12af-4a86-8e72-d70e059b6c54,maidens.photography,available,14.49,36.49,high,low,7,namesilo,,,02/10/2026 03:57
22d87fa0-1825-4cff-b789-b4f5e6c9cd8b,advertising.photography,resell,,,high,low,11,"Spaceship, Inc.",10/02/2014 07:18,10/02/2027 07:18,01/10/2026 02:54
568e7a88-cc92-4327-bac8-8e51cc41d93c,brimless.photography,available,6.98,46.48,medium,low,8,namecheap,,,11/08/2026 04:13
c142e1a0-7ffe-494d-977b-73ac478fd759,headaches.photography,available,6.41,29.18,low,low,9,spaceship,,,29/09/2026 06:01
e9ae98c0-9cf2-43d2-bb36-76223bb9b029,violation.photography,available,6.98,46.48,high,low,9,namecheap,,,30/09/2026 00:09
959af77a-31b2-4f61-9b4e-079b45a5fcad,multitude.photography,available,6.41,29.18,high,low,9,spaceship,,,29/09/2026 10:33
cef8fdeb-c6aa-4e8c-839e-3cc1c59c8681,title.photography,available,5.66,29.35,high,low,5,porkbun,,,28/09/2026 09:03
abdb2140-2586-4b09-a73b-d10117c5c934,virtuoso.photography,available,14.49,36.49,high,low,8,namesilo,,,21/09/2026 17:38
d466b80b-9cf5-416d-bd1d-8945c8e21355,folks.photography,available,14.49,36.49,high,low,5,namesilo,,,24/09/2026 16:34
96167237-5056-419c-bdd3-4983d38491fe,autonomic.photography,available,6.98,46.48,high,low,9,namecheap,,,07/08/2026 20:52
28e8d4b7-0790-4d4e-b538-8834e2ff8ddb,sections.photography,available,6.41,29.18,medium,low,8,spaceship,,,29/09/2026 05:14
ecc4b44a-a5d9-4dd0-b425-29a24217a39b,loading.photography,available,14.49,36.49,high,low,7,namesilo,,,24/09/2026 12:57
945780cb-cfad-4584-80d3-8b56cf69082e,customs.photography,available,14.49,36.49,high,low,7,namesilo,,,24/09/2026 20:42
156fef62-eb44-48e8-9fa5-79a3fb6c4bdb,pentad.photography,available,6.98,46.48,medium,low,6,namecheap,,,
0a6853c1-d1a6-4425-bfba-41a5ce6f7ec8,narrative.photography,available,6.98,46.48,high,low,9,namecheap,,,03/09/2026 13:16
203092fc-3f08-4ac0-9755-d57276095cf5,unreadable.photography,available,6.98,46.48,medium,low,10,namecheap,,,22/08/2026 02:25
e83d0d2a-86f3-49b4-a5ae-1920cea2b21b,hebron.photography,available,28.2,28.2,medium,low,6,cloudflare,,,28/09/2026 16:34
2e0d8571-f65d-4c3b-9256-42f3a53f019c,spiritually.photography,available,6.41,29.18,high,low,11,spaceship,,,30/09/2026 12:12
2e35d336-a5ab-4ac6-8bb4-4ae2dc69ada4,eighter.photography,available,6.98,46.48,medium,low,7,namecheap,,,
16644679-db41-4d5c-84df-efa42cf80b4c,agreements.photography,available,14.49,36.49,medium,low,10,namesilo,,,17/09/2026 03:09
63fb0e4e-e161-4668-8166-e815eea3651a,sims.photography,available,6.41,29.18,high,low,4,spaceship,,,29/09/2026 04:07
a179b6d1-90ea-4770-af0d-8189e796ecdf,invoked.photography,available,6.41,29.18,medium,low,7,spaceship,,,02/10/2026 03:36
517a8a11-3eca-4819-ab74-05bfd6e168db,ney.photography,available,14.49,36.49,medium,low,3,namesilo,,,29/09/2026 12:06
cf7a1b4c-ea3f-44a5-a2ba-94e4068d3400,slavish.photography,available,6.98,46.48,medium,low,7,namecheap,,,10/09/2026 10:38
4aabc6e6-a917-4a34-afa3-befdbb21b5e6,armada.photography,available,14.49,36.49,high,low,6,namesilo,,,28/09/2026 22:05
b069280c-e4ee-482e-8029-ae69b9472941,sneezed.photography,available,14.49,36.49,low,low,7,namesilo,,,20/09/2026 15:10
cebc1c20-68d0-48b5-8bae-cd322d7e0687,tyrol.photography,available,5.66,29.35,medium,low,5,porkbun,,,28/09/2026 20:40
09b1c433-7d7f-4c1f-b372-eef94c9cd831,freiburg.photography,available,14.49,36.49,high,low,8,namesilo,,,28/09/2026 03:48
3c80c05d-e2ae-43a4-ab25-51704f2bab71,lasting.photography,available,6.98,46.48,high,low,7,namecheap,,,24/09/2026 12:31
0e4f5b6c-a884-4cee-8101-2f30ddaf4027,trifid.photography,available,6.98,46.48,medium,low,6,namecheap,,,11/09/2026 19:33
975b0d76-79ef-4b49-9f47-4c93ca4af669,contrabass.photography,available,6.98,46.48,medium,low,10,namecheap,,,12/08/2026 23:28
84534abd-c854-41bd-a8c9-53585f48bdaa,summon.photography,available,5.57,30.18,high,low,6,dynadot,,,29/09/2026 01:42
f6d6cdcb-a3f1-4cab-8158-c548b517c4f5,answered.photography,available,14.49,36.49,high,low,8,namesilo,,,25/09/2026 16:54
9bb039d8-b4ef-4283-b1dd-c71c8bfa9e70,baptism.photography,available,14.49,36.49,high,low,7,namesilo,,,22/09/2026 03:27
9b0a7bf4-ac5d-4db7-aced-3f60f7fa9ead,pbs.photography,available,14.49,36.49,high,low,3,namesilo,,,25/09/2026 09:49
955feadb-4b26-42e8-8253-09655f056020,fleetly.photography,available,6.98,46.48,medium,low,7,namecheap,,,14/09/2026 18:56
1c53bec1-8d9c-42b4-aab2-79a11625ab0e,unconfined.photography,available,6.98,46.48,medium,low,10,namecheap,,,12/09/2026 06:03
9115f429-d490-4961-a3dd-4924901d8ab6,astheny.photography,available,6.98,46.48,low,low,7,namecheap,,,20/09/2026 17:17
7ce7d64d-07e9-4d66-b475-951939244baa,cattleman.photography,available,14.49,36.49,high,low,9,namesilo,,,23/09/2026 00:40
7efbccd4-6885-4886-9621-28fcce2c21d3,armorial.photography,available,6.98,46.48,medium,low,8,namecheap,,,06/08/2026 20:15
9b862d58-cf97-45f2-8dc9-ce9be2bcf929,sinewy.photography,available,6.98,46.48,medium,low,6,namecheap,,,11/08/2026 02:52
e2432ad3-3ed3-4db4-8875-580832ee9002,ancona.photography,available,28.2,28.2,high,low,6,cloudflare,,,30/09/2026 03:22
352af0c3-9899-4c61-90a6-6c881888c31e,likes.photography,available,9.99,,medium,low,5,name.com,,,
03c23485-c11e-417f-a120-a1c808c95dc3,chechen.photography,available,6.98,46.48,high,low,7,namecheap,,,12/08/2026 03:34
0eb8b509-8502-4bfb-a4dc-0c881491e4f2,santiago.photography,premium,118.8,118.8,medium,low,8,namesilo,,,28/09/2026 13:37
bb4fc86f-b55c-49d9-b56f-9823d8bfbf06,injected.photography,available,14.49,36.49,medium,low,8,namesilo,,,29/09/2026 10:57
53d66b66-fb04-4d39-bd05-ea693b5d9eef,padded.photography,available,6.98,46.48,high,low,6,namecheap,,,13/08/2026 11:57
0266cca7-5329-423a-a91e-da197379fba2,moods.photography,available,14.49,36.49,medium,low,5,namesilo,,,30/09/2026 07:06
c8a3b69a-709b-4ed1-8e32-651751115c34,sparkle.photography,available,14.49,36.49,high,low,7,namesilo,,,01/10/2026 01:34
6b4ae2d3-7ac9-4b3a-ab13-92c300e07e9c,fabulous.photography,premium,500,500,high,low,8,name.com,,,17/08/2026 20:07
01cba36d-47b9-45aa-a685-1f96f133cf87,tawny.photography,available,6.98,46.48,high,low,5,namecheap,,,11/09/2026 09:19
11607bff-6642-4b88-bdb1-3bd9b51201de,unsociable.photography,available,6.98,46.48,medium,low,10,namecheap,,,12/09/2026 20:09
c169f3c0-3eac-4b03-bdc5-ce7329b45995,exalt.photography,available,6.98,46.48,high,low,5,namecheap,,,
d0e79fc6-c700-4024-b610-8f8bda370afd,focally.photography,available,6.98,46.48,medium,low,7,namecheap,,,14/09/2026 19:10
70c06bf4-9eeb-4567-9145-9384722730cb,cyclist.photography,available,6.98,46.48,high,low,7,namecheap,,,23/09/2026 13:21
bab007e7-bf51-4907-b5cd-814af6ba556c,astatic.photography,available,6.98,46.48,medium,low,7,namecheap,,,07/08/2026 08:36
b6235873-e43b-4ee4-a58a-a8021c24ae31,rural.photography,premium,23.6,23.6,high,low,5,namesilo,,,08/09/2026 07:52
43133ce1-3ff4-4a08-b9e0-1a3a582d34f6,bros.photography,available,6.98,46.48,medium,low,4,namecheap,,,18/09/2026 13:28
10585899-db3d-4279-8efd-2f8c5c062012,ritually.photography,available,6.98,46.48,medium,low,8,namecheap,,,15/09/2026 23:55
a59327b6-a49e-43a2-8a84-4ffd41947e4d,kleist.photography,available,6.98,46.48,medium,low,6,namecheap,,,23/09/2026 09:54
fc0d1046-3105-4a15-a77d-718278b50a8b,visas.photography,available,14.49,36.49,medium,low,5,namesilo,,,02/10/2026 03:24
b3249a55-2c5a-44c7-a1ca-6248831de4a8,multilevel.photography,available,6.98,46.48,medium,low,10,namecheap,,,03/09/2026 10:46
ba1c3b34-923d-4e6d-a3e3-58ba427d32b8,fevered.photography,available,6.98,46.48,medium,low,7,namecheap,,,18/08/2026 03:07
21ec7773-7911-42e0-bbf7-7b8f729c7fb4,calculate.photography,available,6.41,29.18,high,low,9,spaceship,,,28/09/2026 14:09
2791e453-9da6-4f88-877a-27527b7ed3b3,strategy.photography,available,14.49,36.49,high,medium,8,namesilo,,,30/09/2026 23:23
72b9485e-78bc-48b7-8660-d30d383c7ea6,afford.photography,available,14.49,36.49,high,low,6,namesilo,,,25/09/2026 11:07
21c1685a-54dd-49f5-9d5b-bdba28b5d744,subclavian.photography,available,6.98,46.48,medium,low,10,namecheap,,,10/09/2026 23:40
5c8af74d-9817-42ee-b906-bccfade26651,gracious.photography,available,14.49,36.49,high,low,8,namesilo,,,24/09/2026 00:42
ed0608ff-32fa-446b-b098-b1ff26b9e21f,jolly.photography,available,14.49,36.49,high,low,5,namesilo,,,25/09/2026 11:52
dc2acec3-0fe0-4c47-85ac-06eb5ee23c02,inventing.photography,available,6.41,29.18,medium,low,9,spaceship,,,02/10/2026 02:11
78a6930d-ecfc-44fb-85c1-e57db7f23191,spends.photography,available,13.5,,medium,low,6,unstoppable,,,28/09/2026 08:36
31679ede-c1f7-4e38-b33e-5e5a7ad74f1e,deals.photography,available,6.98,46.48,high,low,5,namecheap,,,27/09/2026 10:04
11ce12e9-dc1a-42ea-895e-c11549791240,nonunion.photography,available,6.98,46.48,medium,low,8,namecheap,,,03/09/2026 20:58
86be47a3-c589-4500-8a0d-c5da58f4c88d,neglected.photography,available,6.98,46.48,medium,low,9,namecheap,,,21/08/2026 18:36
90df6448-bbcd-4471-8788-1fb07c63ef25,jaipur.photography,premium,118.8,118.8,high,low,6,namesilo,,,30/09/2026 20:47
3d012679-e0e4-4a4f-b9fe-29e5639c6a3a,howso.photography,available,9.99,,medium,low,6,name.com,,,
09c472e2-d670-45fa-a4fc-fbf4f8cd819c,aims.photography,available,28.2,28.2,medium,low,4,cloudflare,,,30/09/2026 06:57
f51d6e5c-1c65-4581-a7e6-a19e99828a86,conjointly.photography,available,6.98,46.48,medium,low,10,namecheap,,,14/09/2026 07:27
24b33867-aba6-48e4-9209-859cd379527c,routines.photography,available,6.41,29.18,medium,low,8,spaceship,,,30/09/2026 15:00
d28a06bc-e8de-416f-9123-7e6c3728e41c,ahead.photography,available,14.49,36.49,high,low,5,namesilo,,,21/09/2026 23:29
c7b92881-4727-4a69-b8f1-65a9c531ffb3,lotto.photography,available,6.98,46.48,high,low,5,namecheap,,,22/09/2026 20:35
3cd20311-8f98-4f30-852e-a49e6bc650ef,berit.photography,available,14.49,36.49,high,low,5,namesilo,,,23/09/2026 09:27
0507d389-5f3a-4a4b-93bb-2aad2fddcf8a,tartness.photography,available,14.49,36.49,medium,low,8,namesilo,,,17/09/2026 03:12
cb002ad3-cc16-4768-9230-32bc26f99a93,hoyt.photography,available,14.49,36.49,medium,low,4,namesilo,,,28/09/2026 08:07
4047bb03-1a54-4372-9c68-426e2fc00915,fiduciary.photography,available,6.98,46.48,high,low,9,namecheap,,,18/08/2026 03:39
baff582e-b767-4608-ac70-ccd0b589ed3a,relaxing.photography,available,6.98,46.48,high,low,8,namecheap,,,09/09/2026 13:30
b8f3829e-8bf3-4b05-90f8-0140fc04dfc7,anachronic.photography,available,6.98,46.48,medium,low,10,namecheap,,,
b166b95a-7a9d-430f-bc33-11bbfab6abf8,molotov.photography,available,14.49,36.49,high,low,7,namesilo,,,29/09/2026 13:28
bb5523df-bfed-493f-8bb2-6c8253601f5f,reciprocal.photography,available,6.98,46.48,high,low,10,namecheap,,,09/09/2026 11:29
9e6821ec-83b9-4dda-a7e6-cb7a089dee25,mum.photography,premium,23.6,23.6,high,low,3,namesilo,,,25/09/2026 22:08
604616b4-3da0-4705-8a3a-703c968462ca,sejm.photography,available,5.57,30.18,high,low,4,dynadot,,,30/09/2026 20:42
40e1cabf-ede7-40e7-ad4f-1f38e9855e60,consistent.photography,available,6.98,46.48,high,low,10,namecheap,,,12/08/2026 16:01
03bf20e7-0a56-436b-b8b3-981533d588ec,palace.photography,available,14.49,36.49,high,low,6,namesilo,,,29/09/2026 07:39
1f6eaca4-d546-4369-bd84-9896313a62f1,docket.photography,available,14.49,36.49,high,low,6,namesilo,,,17/09/2026 17:03
594469e9-82e3-45d1-810a-2dba9cf54a24,logic.photography,available,6.41,29.18,high,medium,5,spaceship,,,01/10/2026 02:39
a935e661-b410-42f1-94e2-a87c94de0352,cabin.photography,available,14.49,36.49,high,low,5,namesilo,,,24/09/2026 11:32
04217ba8-7957-4eba-bb2b-13800b418a6e,pepe.photography,available,28.2,28.2,high,low,4,cloudflare,,,29/09/2026 21:35
08e7096f-4d91-450b-855e-e6131bff1b1b,adult.photography,premium,128.7,128.7,high,low,5,namecheap,,,21/09/2026 19:57
ef2441a4-b955-4d63-b760-cbe768ec18e8,mahan.photography,available,14.49,36.49,medium,low,5,namesilo,,,18/09/2026 06:45
4a422e0e-42a5-4f53-bfe2-58130ab5350a,ordeal.photography,available,13.5,,medium,low,6,unstoppable,,,29/09/2026 07:47
b24f361c-bb09-486d-ab35-8d19b81c0e94,quoted.photography,available,6.41,29.18,medium,low,6,spaceship,,,29/09/2026 23:28
3da2d365-5e10-424e-91b4-7a8ef2ad87b2,delivery.photography,available,5.66,29.35,high,low,8,porkbun,,,29/09/2026 04:21
472e52e3-c535-4aa6-8bf3-a1a9b9361f6e,pedigree.photography,available,6.98,46.48,high,low,8,namecheap,,,08/09/2026 13:15
4be6bcc5-eef2-414e-b18a-27b2edb0f106,fastidious.photography,available,6.98,46.48,medium,low,10,namecheap,,,17/08/2026 15:30
16a1fbdb-4f81-4fa8-bda4-d6ed4d97f9df,cyclonic.photography,available,9.99,46.99,medium,low,8,name.com,,,13/08/2026 13:42
496a0797-45a7-4150-9a44-384693e70af7,doubtful.photography,available,14.49,36.49,medium,low,8,namesilo,,,24/09/2026 11:52
b7ad32f7-33d0-4ab9-bdd1-cb9bbc9e4d7b,marianas.photography,available,28.2,28.2,medium,low,8,cloudflare,,,30/09/2026 10:22
d8497bc5-c154-4721-8a66-ccbd2ac9261e,alters.photography,available,14.49,36.49,medium,low,6,namesilo,,,20/09/2026 13:23
43c4b78c-edc1-4f8a-953e-e5afc85e81ab,cochlear.photography,available,6.98,46.48,medium,low,8,namecheap,,,12/08/2026 14:45
fbc02d7a-b87c-4697-badb-fc63e9f6d225,fertilizer.photography,available,6.41,29.18,high,low,10,spaceship,,,29/09/2026 06:53
853af5da-7593-4d0a-bff1-4c69b1886484,optics.photography,available,14.49,36.49,high,low,6,namesilo,,,30/09/2026 10:39
1a3e46d4-81a8-4ae3-8af9-d20abe0ab584,groups.photography,available,9.99,,high,low,6,name.com,,,
d30dbf18-d90f-47c9-904a-cc2d9803ea26,grieve.photography,available,13.5,,medium,low,6,unstoppable,,,01/10/2026 21:44
9085d792-c7c4-4157-ab25-625f2313cea6,brusk.photography,available,6.98,46.48,medium,low,5,namecheap,,,11/08/2026 07:03
b9f1626d-dc1a-42d8-8f42-4719ae226ad6,remediation.photography,available,14.49,36.49,high,low,11,namesilo,,,30/09/2026 23:39
ee4a4a1e-8e1d-407a-b4df-a12c8b4e4943,untried.photography,available,6.98,46.48,medium,low,7,namecheap,,,12/09/2026 21:15
227f8a51-d294-4b0c-b8f8-c85e1db5e084,rumours.photography,available,13.5,,medium,low,7,unstoppable,,,30/09/2026 00:33
d907103d-7d4a-455b-9bb6-50a54f6a34b8,procurement.photography,available,14.49,36.49,high,low,11,namesilo,,,28/09/2026 08:19
c92f37a5-6a3b-45f7-a82a-d68f3735fb5c,vanishing.photography,available,5.57,30.18,medium,low,9,dynadot,,,29/09/2026 20:33
10a8f962-dd88-46b4-9825-5a2f94618329,outfit.photography,available,14.49,36.49,high,low,6,namesilo,,,27/09/2026 13:44
fca64723-764b-4729-bd70-b2d0e7788add,insincere.photography,available,6.98,46.48,medium,low,9,namecheap,,,22/08/2026 07:08
c345df1e-25d9-4a83-8a42-1d1d8e1665f2,aus.photography,premium,,,high,low,3,,,,27/09/2026 18:53
7952d4ed-ad01-4ec9-9acd-661227750be7,navarino.photography,available,14.49,36.49,medium,low,8,namesilo,,,22/09/2026 15:32
a7170181-251c-4f78-990d-8ed9018209b6,coyne.photography,available,14.49,36.49,medium,low,5,namesilo,,,30/09/2026 04:24
d464296d-2344-46f9-a4fe-8219daf637f1,assagai.photography,available,14.49,36.49,medium,low,7,namesilo,,,20/09/2026 15:41
738bd2b7-21fa-4a6d-bdc0-e6927e8156f7,autolytic.photography,available,6.98,46.48,medium,low,9,namecheap,,,07/08/2026 20:42
7c70de2e-0919-4dac-9116-7c170bb3d1ff,shatter.photography,available,28.2,28.2,medium,low,7,cloudflare,,,30/09/2026 19:13
13445f59-4ab5-4dc2-b749-373273a27ca5,maggie.photography,available,14.49,36.49,high,low,6,namesilo,,,25/09/2026 11:56
2f24938e-64cd-45ff-8f10-55dfa0f94674,translucent.photography,available,6.41,29.18,high,low,11,spaceship,,,01/10/2026 22:29
0409ad48-35d4-4736-99c3-4175c6b56bef,affixal.photography,available,6.98,46.48,medium,low,7,namecheap,,,
e9c74b75-49b5-41d6-961f-2f93e97fa14e,siding.photography,available,6.41,29.18,high,low,6,spaceship,,,29/09/2026 20:06
d787e071-1037-403c-bef4-1087c7cca4a4,ebert.photography,available,14.49,36.49,medium,low,5,namesilo,,,28/09/2026 08:02
52502f9e-cc0f-4b9c-ad7e-8927f85568d4,captious.photography,available,6.98,46.48,medium,low,8,namecheap,,,11/08/2026 18:18
150ecc6a-ec4d-460d-8c5c-977c574c07cc,game.photography,available,14.49,36.49,high,medium,4,namesilo,,,30/09/2026 14:56
b5a11251-5ee0-4520-8f61-5664386f2aee,thucydides.photography,available,6.41,29.18,medium,low,10,spaceship,,,30/09/2026 18:58
0c8dc598-10d4-4d63-9cb8-8bc8cfd2f543,unlike.photography,available,13.5,,high,low,6,unstoppable,,,28/09/2026 09:47
954d21aa-ad6b-45b2-984b-9abe80672075,brutus.photography,available,5.57,30.18,high,low,6,dynadot,,,01/10/2026 18:49
74c443f1-180f-4270-a901-d0ca4a534664,capt.photography,available,14.49,36.49,high,low,4,namesilo,,,25/09/2026 12:23
f4fcc01d-9d4b-4037-b82b-1bbaecdda77c,cosmetics.photography,available,14.49,36.49,high,low,9,namesilo,,,29/09/2026 04:53
c02db8ab-5ef1-427e-9404-daee6de2ad81,disease.photography,available,6.41,29.18,high,low,7,spaceship,,,29/09/2026 15:40
ed7a7b4e-64b7-48d6-9de0-1c6d30b828c6,contains.photography,available,6.98,46.48,medium,low,8,namecheap,,,18/09/2026 15:08
396c9e77-8772-4ab2-8a6f-eaa287263722,packsack.photography,available,14.49,36.49,medium,low,8,namesilo,,,21/09/2026 14:40
4947d19e-ff69-4a39-83c4-a16c8c764262,ruins.photography,available,5.57,30.18,low,low,5,dynadot,,,28/09/2026 12:46
793dde98-a1e3-43b3-b214-9478087c5a10,wonders.photography,available,14.49,36.49,high,low,7,namesilo,,,18/09/2026 02:01
b82c614b-786e-4b93-a201-dbe558a689a3,antipodal.photography,available,6.98,46.48,medium,low,9,namecheap,,,
33ea20e5-2be7-421f-b6de-2ee76075355a,reprint.photography,available,6.98,46.48,high,low,7,namecheap,,,10/09/2026 04:03
52d857e7-a9d8-4827-beb8-75849a59d584,loser.photography,available,14.49,36.49,medium,low,5,namesilo,,,18/09/2026 14:19
fcb9d5d1-5c19-4767-8375-86043c2c94a5,credentials.photography,available,14.49,36.49,high,low,11,namesilo,,,28/09/2026 08:17
bad6c3d3-1f5d-4c0a-8923-4764317559f8,viciously.photography,available,6.98,46.48,medium,low,9,namecheap,,,14/09/2026 01:35
c5a46f28-8f1a-4d37-aaf7-cabde74d5eae,nepalese.photography,available,6.98,46.48,medium,low,8,namecheap,,,03/09/2026 15:35
17bd5160-ff5e-4fdf-b076-be0ee525ea7b,staccato.photography,available,6.98,46.48,high,low,8,namecheap,,,14/08/2026 09:57
13c4d411-152f-4861-a1a2-c3ecb15dde1e,ararat.photography,available,14.49,36.49,medium,low,6,namesilo,,,20/09/2026 00:11
817abe0a-5f02-4307-ac95-34140a083133,ilxxx.photography,available,6.98,46.48,medium,low,5,namecheap,,,
c26ece6b-b1a2-4a95-8381-8c0cb64de6c4,governors.photography,available,6.98,46.48,low,low,9,namecheap,,,01/10/2026 16:31
b3e77ee4-d820-4506-b25c-bd99c13153da,erogenous.photography,available,6.98,46.48,medium,low,9,namecheap,,,17/08/2026 12:28
ecbe53a0-3c81-4b09-bca4-b185f65ce0e8,incipient.photography,available,6.98,46.48,medium,low,9,namecheap,,,22/08/2026 01:14
37a14eb2-e84a-4fd7-a106-c9715ad02336,hou.photography,available,14.49,36.49,high,low,3,namesilo,,,29/09/2026 10:03
75966034-d615-43a4-9507-86d43bdfcae6,serpent.photography,available,6.98,46.48,medium,low,7,namecheap,,,29/09/2026 01:45
444ec82b-cdb5-4688-b671-34810dc9177a,sensibly.photography,available,6.98,46.48,medium,low,8,namecheap,,,16/09/2026 00:35
6b97e838-c811-4f21-8fc0-7c89a94c508d,surry.photography,available,14.49,36.49,medium,low,5,namesilo,,,01/10/2026 23:31
94b4958c-85a0-43bc-902b-fee0ff11d0b7,shell.photography,available,,,high,medium,5,,,,
9eee2be7-9a2f-435c-a60c-87ccef2fd594,sein.photography,available,6.41,29.18,high,low,4,spaceship,,,30/09/2026 19:18
1b4c2702-e2a6-4dfd-9865-585c372cddef,ammo.photography,available,6.98,46.48,high,low,4,namecheap,,,18/09/2026 22:06
bff970d4-76bd-4f8d-9116-c2cf8ec31ba3,tart.photography,available,9.99,46.99,medium,low,4,name.com,,,13/08/2026 14:25
0906b7d2-4be9-4d6e-8d59-8282f4fb8003,airy.photography,available,6.98,46.48,high,low,4,namecheap,,,
83264104-76c0-4e27-aed5-7e851fc49d93,pointless.photography,available,14.49,36.49,medium,low,9,namesilo,,,26/09/2026 03:12
bf603c0a-f2ce-4072-9df7-69ed85f9c777,iffy.photography,available,6.98,46.48,medium,low,4,namecheap,,,18/08/2026 09:22
2cd6bf2c-1d5a-4210-9a7e-65b2b211f264,scripted.photography,available,6.41,29.18,high,low,8,spaceship,,,27/09/2026 18:42
e151bc67-1dc7-4d80-90c6-318d3ca9e243,evenhanded.photography,available,6.98,46.48,high,low,10,namecheap,,,17/08/2026 14:52
7413255e-aeba-4d89-8eb2-f3668dc7883d,sibylline.photography,available,6.98,46.48,medium,low,9,namecheap,,,11/08/2026 12:20
9aafa68d-3215-4064-a18f-0a26e830dc2c,overhaul.photography,available,14.49,36.49,high,low,8,namesilo,,,30/09/2026 10:14
33f91fc9-13b4-4855-b815-6196db394d35,vein.photography,available,14.49,36.49,high,low,4,namesilo,,,30/09/2026 04:35
16b7ea0d-e65f-46c5-a633-2864e9763f89,weight.photography,available,6.98,46.48,high,low,6,namecheap,,,19/09/2026 19:07
1b199555-3a36-4263-98a7-1985654e4ae0,indignant.photography,available,6.98,46.48,medium,low,9,namecheap,,,22/08/2026 00:59
111f4a1d-c6f7-4ff8-a22e-77dbb9c20135,vanguard.photography,available,,,high,high,8,,,,
c15eece7-cbbf-4ac6-b995-3ce7234dbe9e,vandalism.photography,available,13.5,,medium,low,9,unstoppable,,,29/09/2026 22:58
064b962c-7420-4f4d-ab77-7c81e26324a8,rope.photography,available,14.49,36.49,high,low,4,namesilo,,,25/09/2026 22:52
da7f26c2-1105-4768-b442-982ba276c3a2,wilkerson.photography,available,6.41,29.18,medium,low,9,spaceship,,,02/10/2026 00:40
ce19f883-733d-44ee-8908-efa87231907f,chicago.photography,premium,118.8,118.8,high,low,7,namesilo,,,24/09/2026 14:26
ddb42473-88c3-41bd-8114-06e5e0eaf226,fleshly.photography,available,6.98,46.48,medium,low,7,namecheap,,,
3a05d068-2d8e-47b2-920e-18790b60f097,chickpeas.photography,available,14.49,36.49,medium,low,9,namesilo,,,20/09/2026 11:04
783e38bf-fd34-44e9-8141-855bd40d7746,chatbot.photography,available,6.41,29.18,high,medium,7,spaceship,,,02/10/2026 01:35
3b9e6326-2587-4905-b2ca-668a5387b82a,wrote.photography,available,9.99,,medium,low,5,name.com,,,
0eafe5b6-069c-487a-8d71-2d0f9bc77d99,anabaptist.photography,available,14.49,36.49,medium,low,10,namesilo,,,19/09/2026 00:49
6a35fd59-50bb-4056-876b-361aaaeb98a2,tuberculosis.photography,available,13.5,,medium,low,12,unstoppable,,,30/09/2026 14:20
385018fb-4914-4348-8b3a-2b8dbc794f81,branches.photography,available,14.49,36.49,medium,low,8,namesilo,,,28/09/2026 17:02
19023e3e-98e2-4dfb-aa22-bf65f1fedf92,dumbfound.photography,available,14.49,36.49,medium,low,9,namesilo,,,21/09/2026 17:37
133dda08-7c80-4ba9-b484-9186bd96925e,stephens.photography,premium,23.6,23.6,high,low,8,namesilo,,,25/09/2026 15:57
a6119fa1-c5c1-4b13-abe8-c823434bac46,occitan.photography,available,6.98,46.48,medium,low,7,namecheap,,,09/09/2026 04:30
30f5c64e-2cba-46a8-bdd3-30c766e1927c,subliminal.photography,available,6.98,46.48,high,low,10,namecheap,,,11/09/2026 00:08
061ba1b9-26be-490f-b969-9f81a99f5af8,sonsie.photography,available,6.98,46.48,medium,low,6,namecheap,,,10/08/2026 20:34
8db39eba-631a-4297-805e-20cb89f30f13,effected.photography,available,6.98,46.48,medium,low,8,namecheap,,,15/08/2026 14:18
19dafe45-e901-4198-bd7b-da263e096458,kidney.photography,available,14.49,36.49,high,low,6,namesilo,,,30/09/2026 01:20
ea0fdaba-ed15-42aa-8d71-78548124431d,bratislava.photography,available,14.49,36.49,medium,low,10,namesilo,,,28/09/2026 13:35
e84ba377-a5c4-45dc-bcd9-7c398e54c7ad,supervised.photography,available,6.98,46.48,high,low,10,namecheap,,,11/09/2026 02:26
23264254-9a67-4454-9226-e5a4153e6b8d,threats.photography,available,14.49,36.49,medium,low,7,namesilo,,,18/09/2026 23:54
476e43d8-07cf-4f75-ad3a-4c239e8320e5,packer.photography,available,14.49,36.49,high,low,6,namesilo,,,21/09/2026 15:45
45baa3c4-0f30-45c4-9b12-25777175dae5,stunt.photography,available,14.49,36.49,high,low,5,namesilo,,,28/09/2026 10:58
7095bcf4-c116-4b1c-a97d-afa82e4cdfae,teasing.photography,available,9.99,46.99,high,low,7,name.com,,,22/09/2026 05:24
bead7bfb-bd32-4645-bcea-b95f943e04f5,adelie.photography,available,14.49,36.49,medium,low,6,namesilo,,,17/09/2026 07:17
874d0b21-b123-496a-8efb-0d33a4a723e1,danes.photography,available,14.49,36.49,medium,low,5,namesilo,,,30/09/2026 14:16
9dd28d37-edf1-4bc6-ae35-b17742aef543,guarantee.photography,available,13.5,,high,low,9,unstoppable,,,29/09/2026 21:38
e1362227-edf4-496e-8df3-9961b21dd4e6,behind.photography,available,6.98,46.48,high,low,6,namecheap,,,22/09/2026 18:54
dff76baa-c904-48a3-bfd8-7397a7f96e2c,bangkok.photography,premium,118.8,118.8,high,low,7,namesilo,,,22/09/2026 01:48
7b8f5beb-51dc-485c-9b7a-ad29e67d6ea3,congrats.photography,available,14.49,36.49,high,low,8,namesilo,,,01/10/2026 09:14
63352e39-daf3-45b6-9d59-1b4a06cb804b,wyeth.photography,available,14.49,36.49,medium,low,5,namesilo,,,19/09/2026 04:48
f8d3b433-d640-455e-8259-54cd8348c5b6,nut.photography,premium,23.6,23.6,high,low,3,namesilo,,,10/09/2026 00:12
40db39fa-4b6a-410a-8cfe-e3d1bc084be6,bearberry.photography,available,9.99,46.99,medium,low,9,name.com,,,22/09/2026 20:57
7301b199-6b05-4f05-9560-df3f4b54bbb5,shellproof.photography,available,6.98,46.48,medium,low,10,namecheap,,,10/08/2026 18:11
3b6d0cad-693d-46f3-90cb-7f65ca64eadd,formality.photography,available,5.57,30.18,high,low,9,dynadot,,,30/09/2026 09:43
d8ab4256-763a-42a2-9d71-1343be472b83,prostate.photography,available,6.98,46.48,high,low,8,namecheap,,,09/09/2026 03:47
faa95dcd-37f4-4b53-83a2-906b2ff6f13a,cyclosis.photography,available,6.98,46.48,medium,low,8,namecheap,,,10/09/2026 22:24
ec399c61-dfc9-44ac-9f70-dfc9ad1c256e,anglia.photography,available,14.49,36.49,medium,low,6,namesilo,,,19/09/2026 06:45
a76f70c7-d851-45c8-8c8e-04a72a944a5e,synagogue.photography,available,14.49,36.49,high,low,9,namesilo,,,30/09/2026 11:08
8f381220-f52e-499b-8d34-578233c0b6b9,remind.photography,available,9.99,46.99,high,low,6,name.com,,,24/09/2026 20:14
efeb158f-426c-4028-baa2-0ffb073a499a,kev.photography,available,14.49,36.49,high,low,3,namesilo,,,29/09/2026 03:20
6a1ed592-d597-45ed-971f-e01aee24373f,tarnish.photography,available,6.98,46.48,medium,low,7,namecheap,,,24/08/2026 12:50
7e0e5155-7200-4aa2-8ed5-3abdfd6f5df9,acetate.photography,available,6.98,46.48,medium,low,7,namecheap,,,17/09/2026 00:03
4e2635db-f6fb-4b80-97af-2b37c7742652,exportable.photography,available,6.98,46.48,medium,low,10,namecheap,,,17/08/2026 18:35
0caf6cef-0ebe-4b60-91b2-f3886250c756,blear.photography,available,6.98,46.48,medium,low,5,namecheap,,,10/08/2026 14:01
93b7bd2b-77cf-4379-a3ae-7806dfac947f,downloaded.photography,available,28.2,28.2,medium,low,10,cloudflare,,,30/09/2026 23:49
a71d05b7-2fb4-4187-aec1-34264635dea1,barefaced.photography,available,6.98,46.48,medium,low,9,namecheap,,,08/08/2026 09:20
aebaea57-cc96-4875-8aa0-702081045e23,coached.photography,available,13.5,,medium,low,7,unstoppable,,,02/10/2026 03:59
2886a97a-04e1-4309-b8d3-924a694778e9,intestine.photography,available,6.41,29.18,medium,low,9,spaceship,,,29/09/2026 18:03
f3435191-b46a-44da-9b49-d7f9cd950bbe,pasture.photography,available,6.41,29.18,high,low,7,spaceship,,,29/09/2026 00:44
c306310c-34f5-41b4-aaef-ea299666d26a,pressures.photography,available,14.49,36.49,medium,low,9,namesilo,,,30/09/2026 00:28
852203b9-e3c1-468b-927c-3306c3c17ddb,commercially.photography,available,5.57,30.18,high,low,12,dynadot,,,01/10/2026 21:28
6e5434b5-e8dc-4aa2-8f81-8c76db09609d,corsair.photography,available,14.49,36.49,high,low,7,namesilo,,,22/09/2026 04:33
97b7bbf2-d840-4252-8fd8-7a1dc57731db,tune.photography,available,13.5,,high,low,4,unstoppable,,,30/09/2026 04:16
ef552c71-0ca8-4c5f-91a9-f85aa0acb0ec,flirting.photography,available,6.41,29.18,high,low,8,spaceship,,,29/09/2026 06:25
5a2b9f0f-849f-464f-89ef-98aa1f68e76a,wooly.photography,available,6.98,46.48,high,low,5,namecheap,,,18/08/2026 08:45
e2a6a144-39d6-420f-8e84-715df3e66f9a,hindrance.photography,available,6.98,46.48,medium,low,9,namecheap,,,14/08/2026 04:50
812e7013-1f95-4aa5-bc0c-353bafc570dc,manner.photography,available,13.5,,high,low,6,unstoppable,,,28/09/2026 16:42
add6634f-fba2-44dd-8486-bb1524cb6947,ceilings.photography,available,5.57,30.18,medium,low,8,dynadot,,,30/09/2026 16:13
e9359747-c7a7-41cd-8e96-cf8525383b52,enacted.photography,available,5.57,30.18,medium,low,7,dynadot,,,01/10/2026 15:52
a82cf5c6-fd79-4608-b989-b3e52b384280,napa.photography,available,28.2,28.2,high,low,4,cloudflare,,,01/10/2026 18:48
a84e154a-7e5e-4c01-9e82-27b751d52864,balkans.photography,available,14.49,36.49,medium,low,7,namesilo,,,21/09/2026 22:15
80d84a14-a95e-4cbf-8408-31aeafcff86b,calculated.photography,available,6.98,46.48,high,low,10,namecheap,,,11/08/2026 13:58
e9b7a3d8-9bb4-4871-a8d8-3e8022d71faa,comeback.photography,available,13.5,,high,low,8,unstoppable,,,29/09/2026 18:25
c394049c-9708-47be-bdda-a2aedf75d656,psa.photography,available,6.41,29.18,high,low,3,spaceship,,,28/09/2026 06:38
686d2f56-2ea9-48d4-b91c-a633998832f5,chiapas.photography,available,14.49,36.49,medium,low,7,namesilo,,,29/09/2026 04:08
825d8123-d1e3-4458-939f-fd9052f40261,xvii.photography,available,14.49,36.49,medium,low,4,namesilo,,,21/09/2026 11:53
dc68724d-d10e-40fc-9ea2-506183e0d130,basileus.photography,available,9.99,46.99,medium,low,8,name.com,,,22/09/2026 10:47
87ee28a4-c76a-424d-b5e1-9f805ec31c74,hilliard.photography,available,14.49,36.49,medium,low,8,namesilo,,,30/09/2026 00:27
a8a44c3f-63cf-44f6-8e4f-150e3b4ec328,righted.photography,available,6.98,46.48,medium,low,7,namecheap,,,20/09/2026 15:58
3ea7cd81-966e-4217-b366-84a1f21ec8df,rent.photography,available,14.49,36.49,high,low,4,namesilo,,,24/09/2026 13:47
a5090fcb-efdb-4d08-aa62-d5d010759fb7,yearner.photography,available,6.98,46.48,medium,low,7,namecheap,,,15/09/2026 12:51
2edc9b51-3c4c-4282-9d46-30a15625b2f3,noncurrent.photography,available,6.98,46.48,medium,low,10,namecheap,,,03/09/2026 19:01
1efab6e5-4eae-40e8-bf51-a1ceab370a47,vienne.photography,available,14.49,36.49,medium,low,6,namesilo,,,02/10/2026 04:28
6b514118-9fa4-49a7-bcf6-84c0295a1652,impaired.photography,available,6.98,46.48,medium,low,8,namecheap,,,21/08/2026 21:40
54fe4f2a-4a6a-417c-9471-86769ed45270,amenia.photography,available,6.98,46.48,medium,low,6,namecheap,,,18/09/2026 18:47
90ac2f37-b02a-40b2-b745-7ca6371daef8,bedfellow.photography,available,14.49,36.49,medium,low,9,namesilo,,,22/09/2026 23:14
1b839eb4-d53e-4722-bfb2-b15b0f382bce,rams.photography,available,6.41,29.18,high,low,4,spaceship,,,30/09/2026 20:33
ad75498f-a41a-456e-b814-81ceda4403cc,condemn.photography,available,6.41,29.18,medium,low,7,spaceship,,,30/09/2026 10:53
d15e0c27-7c4f-4bb3-a39b-87a24446d6ca,slab.photography,available,6.41,29.18,high,low,4,spaceship,,,28/09/2026 20:30
97ee38be-93b1-406a-a05e-944857f4e995,seamen.photography,available,6.41,29.18,medium,low,6,spaceship,,,02/10/2026 01:38
a1dcfaa8-5518-468e-8a4e-e335771d5ddd,roundel.photography,available,14.49,36.49,high,low,7,namesilo,,,19/09/2026 11:05
9f3dbcc7-fe39-4185-9259-a028f75d2540,swords.photography,available,9.99,,medium,low,6,name.com,,,
a10af124-6bcd-4f96-9de2-c7e9e2222a2c,perdurable.photography,available,6.98,46.48,medium,low,10,namecheap,,,08/09/2026 16:24
3bfc5772-36d5-4e09-92fa-ce27e91846b8,embedded.photography,available,6.98,46.48,high,low,8,namecheap,,,16/08/2026 08:42
8c417160-3028-49aa-830b-ef56ecadbb7f,acris.photography,available,14.49,36.49,medium,low,5,namesilo,,,17/09/2026 03:16
9c22ad95-303e-458e-9b14-a02f89a7c862,versatile.photography,available,6.98,46.48,high,low,9,namecheap,,,13/09/2026 04:27
bcce2dd7-ddfe-4bdf-8e8e-aabf23aad11b,baguette.photography,available,6.41,29.18,high,low,8,spaceship,,,29/09/2026 00:33
334b473d-1eb7-401c-976b-ad75cf6ce2be,salvation.photography,available,28.2,28.2,high,low,9,cloudflare,,,28/09/2026 03:00
a9d07c11-4aff-471e-9e58-e4e2c7481144,hoopla.photography,available,14.49,36.49,high,low,6,namesilo,,,21/09/2026 23:33
2671f044-2fe4-4a1a-8723-1b2a8245f903,insomniac.photography,available,6.98,46.48,high,low,9,namecheap,,,22/08/2026 07:22
b79d5ee4-edca-49fb-bb40-e9cea8c80ed5,admiralty.photography,available,14.49,36.49,medium,low,9,namesilo,,,17/09/2026 08:53
cbecc19b-01c1-4968-8c76-a6fd52dd666f,recreated.photography,available,6.98,46.48,medium,low,10,namecheap,,,09/09/2026 10:49
e565dd85-d467-4bea-b242-fa4f9f095140,conversations.photography,available,13.5,,medium,low,13,unstoppable,,,28/09/2026 08:58
63909a43-df47-44ac-bedf-c46a60468d25,aimlessly.photography,available,6.98,46.48,medium,low,9,namecheap,,,13/09/2026 18:28
e1cb495b-1ad2-4db4-b7ee-c13843a008f1,koreans.photography,available,14.49,36.49,medium,low,7,namesilo,,,29/09/2026 17:32
9af64de7-81f4-440b-b1f7-cf3619dff337,asphodelus.photography,available,14.49,36.49,medium,low,10,namesilo,,,20/09/2026 15:09
771e8b4b-1257-4a23-a289-93fc9cfd1c81,metcalf.photography,available,6.41,29.18,medium,low,7,spaceship,,,28/09/2026 18:20
7f191093-7199-414a-a829-f4d4f3314c97,atf.photography,premium,26,26,high,low,3,namecheap,,,20/09/2026 20:14
41f6752d-fcb5-472b-8db4-66bafebc891e,becket.photography,available,14.49,36.49,high,low,6,namesilo,,,22/09/2026 22:36
843ecbb4-7ecf-4d8d-9000-d7f573304767,marrow.photography,available,6.98,46.48,high,low,6,namecheap,,,14/09/2026 23:46
39bb0b52-11b3-4cd7-aa21-fe4cdd333d21,tuition.photography,available,6.41,29.18,high,low,7,spaceship,,,28/09/2026 15:30
0486cdc1-4dd5-4add-bb9e-ede6f43ce78a,mich.photography,available,13.5,,high,low,4,unstoppable,,,29/09/2026 14:29
de424fd7-22b5-488b-b618-345b903d99e7,agonist.photography,available,6.98,46.48,medium,low,7,namecheap,,,17/09/2026 18:56
1450b9c9-b7c4-45ae-800b-38b825942067,swamp.photography,available,14.49,36.49,high,low,5,namesilo,,,24/09/2026 21:44
f437ad0f-ebc2-4bc5-ba96-1ebab420a4a5,rack.photography,available,6.41,29.18,high,low,4,spaceship,,,27/09/2026 15:29
c21d40fe-f664-4394-9a96-5e39c67154e7,jolty.photography,available,6.98,46.48,medium,low,5,namecheap,,,11/08/2026 09:50
814f5085-d82a-464c-98db-c2ab4fc798a8,amounts.photography,available,28.2,28.2,medium,low,7,cloudflare,,,28/09/2026 18:09
f4fe59a8-70c9-4dbf-98be-c0814bac39e8,stylised.photography,available,6.98,46.48,high,low,8,namecheap,,,12/08/2026 23:48
7d51578c-f85e-4b14-a673-68dc77509fc8,aligning.photography,available,6.98,46.48,medium,low,8,namecheap,,,
7ac03df0-65c6-427e-bb62-574d3f0a8ad4,babushka.photography,available,14.49,36.49,high,low,8,namesilo,,,21/09/2026 12:58
0afb040c-cc51-4cf3-b6b5-baf7a619ed58,deltoid.photography,available,6.98,46.48,medium,low,7,namecheap,,,14/08/2026 00:50
60e270fd-3c55-4a5d-a3df-c948170c1865,vii.photography,premium,23.6,23.6,high,low,3,namesilo,,,
46e483d6-7aa5-4105-abd5-39a8513421dd,ragi.photography,available,14.49,36.49,medium,low,4,namesilo,,,17/09/2026 15:16
2c663a45-0d13-4647-8830-b749736cde94,lachrymal.photography,available,6.98,46.48,medium,low,9,namecheap,,,22/08/2026 17:59
e6bcb57f-8f3a-41ab-ad81-6e740520e11b,upside.photography,available,28.2,28.2,high,low,6,cloudflare,,,28/09/2026 06:49
75ab3375-4698-43e1-a712-ea61baad5421,spaulding.photography,available,14.49,36.49,high,low,9,namesilo,,,29/09/2026 11:11
c06059e3-11bb-433a-81d9-202329f40e47,pathological.photography,available,13.5,,medium,low,12,unstoppable,,,29/09/2026 21:08
57a3a1bf-49b7-4587-835f-a936940ac806,chop.photography,available,14.49,36.49,medium,low,4,namesilo,,,29/09/2026 08:58
50e01a45-7402-4d04-a439-2b0c3e67721a,nonexistent.photography,available,14.49,36.49,medium,low,12,namesilo,,,01/10/2026 14:01
83b238c5-034a-4deb-9f36-14ffd88d3ace,amer.photography,available,14.49,36.49,medium,low,4,namesilo,,,28/09/2026 17:41
f1998877-3a3a-4b09-85af-01fe333fc1b9,lethargic.photography,available,6.98,46.48,medium,low,9,namecheap,,,23/08/2026 00:27
11599d7b-aed4-4c9c-9ce1-4776d0c87d04,mohammedan.photography,available,6.98,46.48,medium,low,10,namecheap,,,25/08/2026 03:23
db5ad7f7-f2fb-4256-a7e2-64ffb35081a0,agonus.photography,available,6.98,46.48,medium,low,6,namecheap,,,17/09/2026 18:59
f1bf3a43-2740-4d17-8ca2-da32044c8730,unreasonable.photography,available,28.2,28.2,medium,low,12,cloudflare,,,29/09/2026 08:45
359a74c6-51f5-4016-854c-acb749076898,brisk.photography,available,6.98,46.48,high,low,5,namecheap,,,11/08/2026 00:32
dbac8011-1237-41af-a377-0b11b2333a91,innately.photography,available,6.98,46.48,medium,low,8,namecheap,,,15/09/2026 08:27
fe82e9f3-c058-453f-bddb-b5ea50722ec7,answerer.photography,available,6.98,46.48,medium,low,8,namecheap,,,19/09/2026 12:14
63221201-4457-449f-9bb4-09b997ea87c7,humidity.photography,available,6.41,29.18,high,low,8,spaceship,,,29/09/2026 01:18
f2552e55-8c5f-456e-a6dd-838285f94769,allegoric.photography,available,6.98,46.48,medium,low,9,namecheap,,,
0885eee0-4749-4843-adb0-b9c617941936,expert.photography,premium,512,512,high,low,6,namesilo,,,01/10/2026 16:35
0669ae24-9cca-4e5c-8038-6e1c8caff630,anthropic.photography,available,,,high,high,9,,,,
b00255ba-006a-4eb6-9b70-04d1de4fc83c,eliminate.photography,available,13.5,,high,low,9,unstoppable,,,30/09/2026 15:03
b811dd19-de3d-4096-b752-8bbbb6c4a756,rasping.photography,available,6.98,46.48,medium,low,7,namecheap,,,20/08/2026 18:29
d57d7bd0-39c1-4974-83dc-f051f8259b30,oft.photography,premium,26,26,high,low,3,namecheap,,,14/09/2026 20:06
471c436b-9e78-4d0d-bcc1-d3296bec0160,themself.photography,available,9.99,,medium,low,8,name.com,,,
39ec5591-ddca-41f3-ab81-d40bd9a379c2,modestly.photography,available,6.98,46.48,medium,low,8,namecheap,,,15/09/2026 15:13
61c750f8-8466-496e-bfa9-618a12122705,soliciting.photography,available,6.98,46.48,medium,low,10,namecheap,,,01/10/2026 06:10
4b0c0035-9037-4acd-9dd6-8e159d0d9556,yearling.photography,available,14.49,36.49,high,low,8,namesilo,,,22/09/2026 00:38
ca4593a9-b2fc-4a9b-8ff9-0f080f6d639e,agrimony.photography,available,6.98,46.48,medium,low,8,namecheap,,,17/09/2026 19:30
7aada251-a418-47f6-a47b-6cad1a0fd7d5,biddy.photography,available,14.49,36.49,medium,low,5,namesilo,,,23/09/2026 13:45
8bdaf435-244c-4126-9f72-d6d36459e55d,ecological.photography,available,13.5,46.48,high,low,10,unstoppable,,,29/09/2026 21:02
16ef5b6f-aa4b-4146-9614-a6813066bef0,socratic.photography,available,6.98,46.48,high,low,8,namecheap,,,10/09/2026 13:20
83738f11-d094-49e8-9eb5-320e61e037a9,realizing.photography,available,5.57,30.18,medium,low,9,dynadot,,,28/09/2026 23:15
ea8fb55e-7ae2-47c0-92b2-7e04ae28d7f3,tactics.photography,available,6.41,29.18,high,low,7,spaceship,,,01/10/2026 10:43
322bf2b7-57d5-48c4-abac-1cef1395031d,subscript.photography,available,6.98,46.48,high,low,9,namecheap,,,11/09/2026 00:43
5f67a8c7-1b8e-4ba1-8a25-0e850ed7702a,isle.photography,available,14.49,36.49,high,low,4,namesilo,,,30/09/2026 00:26
2aedc01c-0fe0-408c-a6d2-67ad742446ee,biosensors.photography,available,14.49,36.49,medium,low,10,namesilo,,,21/09/2026 02:37
1a32ce26-7ae8-4950-a7c3-9bb7ba4f9183,kissing.photography,available,6.98,46.48,high,low,7,namecheap,,,24/09/2026 12:56
36e96188-9508-4bb4-9661-02f3251aa1a4,illiteracy.photography,available,9.99,46.99,medium,low,10,name.com,,,19/09/2026 01:54
2d1b9138-6e07-4468-aec5-ae5dbd0ac5d5,forepart.photography,available,6.98,46.48,medium,low,8,namecheap,,,18/08/2026 16:13
5b140cbe-8dcc-42ac-a2e0-4618ce9f448e,airflow.photography,available,14.49,36.49,high,low,7,namesilo,,,17/09/2026 22:13
5dc41b70-39f1-4241-8489-152259b6dca2,thallium.photography,available,14.49,36.49,medium,low,8,namesilo,,,20/09/2026 23:51
0a933431-551f-4022-bdc6-e36885b24d96,howells.photography,available,5.66,29.35,medium,low,7,porkbun,,,29/09/2026 19:11
b9db615c-e1e1-4ec9-8eb0-24d836592f3c,gesellschaft.photography,available,5.57,30.18,medium,low,12,dynadot,,,28/09/2026 23:30
6818352f-e819-48cf-a654-5357722e69b1,tenfold.photography,available,6.98,46.48,high,low,7,namecheap,,,14/08/2026 01:44
f1ddae33-51ed-4172-903b-23863bc07ac2,jenks.photography,resell,,,medium,low,5,,,,30/09/2026 13:40
37670c26-7aef-47c0-8adf-3e8fd51de2d1,autumnal.photography,available,6.98,46.48,medium,low,8,namecheap,,,07/08/2026 21:23
e76d2286-bbf4-493d-af3e-b10fc95007a1,rfid.photography,available,13.5,,high,low,4,unstoppable,,,02/10/2026 01:54
4c656f26-e218-4647-bb57-711aaf8fc1bb,tram.photography,available,14.49,36.49,high,low,4,namesilo,,,17/09/2026 12:49
b61b45d5-ff90-4689-ba55-bef598c3d701,grocery.photography,available,6.98,46.48,high,low,7,namecheap,,,08/09/2026 13:48
030732da-fea7-4c79-bd9f-278d95577b01,rensselaer.photography,available,6.41,29.18,high,low,10,spaceship,,,28/09/2026 04:19
7b54a52b-5010-4bca-a455-4f6e2e098070,needles.photography,available,14.49,36.49,high,low,7,namesilo,,,29/09/2026 08:51
484ee92d-b4d7-4b95-a310-449410fdeba0,cloves.photography,available,14.49,36.49,medium,low,6,namesilo,,,17/09/2026 13:15
87e993d1-bc79-4f23-9bd2-db2524b5ae77,marathi.photography,available,6.41,29.18,medium,low,7,spaceship,,,29/09/2026 19:35
317d6699-ea6a-4be9-9f50-f5564408f23e,hotfoot.photography,available,6.98,46.48,high,low,7,namecheap,,,09/09/2026 19:44
5612aabc-dd2d-40dd-86b9-c03d15b6ccbb,moderator.photography,available,28.2,28.2,high,low,9,cloudflare,,,30/09/2026 04:50
388e72a9-79df-4ef6-b41d-7d1fac297449,sophomore.photography,available,6.98,46.48,high,low,9,namecheap,,,10/09/2026 14:17
02e0dc32-abb4-453b-811f-ba9d72b43cfd,synonymous.photography,available,6.98,46.48,high,low,10,namecheap,,,11/09/2026 06:31
ef218654-7236-4e89-b003-5a681b67a264,unlimited.photography,premium,512,512,high,low,9,namesilo,,,25/09/2026 09:27
edddb0c6-7d50-4f90-bca0-4acd8b9a7c0c,flies.photography,available,6.98,46.48,high,low,5,namecheap,,,25/09/2026 06:05
3f1ea9c5-471e-437c-8f22-a32cae1fda79,malian.photography,available,6.98,46.48,high,low,6,namecheap,,,24/08/2026 14:00
d4579398-4542-4c58-ac05-9f98cd145ef4,lavinia.photography,available,14.49,36.49,high,low,7,namesilo,,,30/09/2026 05:09
6ea07993-2a03-4065-8660-48ee58f23b0d,agonizing.photography,available,6.98,46.48,medium,low,9,namecheap,,,
78a44cc6-6c51-4d24-a4a5-dd032342dce7,jackfruit.photography,available,6.98,46.48,high,low,9,namecheap,,,20/09/2026 11:58
4afdcad5-c706-4170-9c27-f9f52c2a7fff,clans.photography,available,14.49,36.49,medium,low,5,namesilo,,,30/09/2026 23:08
60f45024-174c-4583-bccc-22c5843451dc,ablative.photography,available,6.98,46.48,medium,low,8,namecheap,,,
50678f88-a9bc-4585-bfcc-3404b1a7a208,republicans.photography,available,6.41,29.18,medium,low,11,spaceship,,,30/09/2026 06:30
88b8b6dd-ff12-413c-9f09-656fac94f0b6,examples.photography,available,5.66,29.35,medium,low,8,porkbun,,,29/09/2026 11:13
e00290e1-c53b-47a1-9545-a195295f45d4,wakeless.photography,available,6.98,46.48,low,low,8,namecheap,,,13/09/2026 07:45
db92ede8-da0c-4eb7-b86a-1d3a4aa74281,nassau.photography,available,5.57,30.18,high,low,6,dynadot,,,29/09/2026 07:05
b02de3f1-1015-440e-9988-79a45784c66c,vindictive.photography,available,6.98,46.48,medium,low,10,namecheap,,,14/08/2026 04:21
20f6552f-9b47-473a-97c7-e1293ee11b80,blinking.photography,available,14.49,36.49,high,low,8,namesilo,,,22/09/2026 21:58
a9b2f134-d50a-4045-be75-5a0148f2d647,coburg.photography,available,6.98,46.48,high,low,6,namecheap,,,01/10/2026 09:18
3d6e7f13-1940-4f9d-ab63-eb377a9ff29e,decca.photography,available,6.98,46.48,medium,low,5,namecheap,,,28/09/2026 21:44
e07ea2d2-ecf5-4093-8417-9f27ea2509f0,llp.photography,available,14.49,36.49,high,low,3,namesilo,,,02/10/2026 01:32
233a7822-c656-4c57-b90b-d994c4c1ead6,bidens.photography,available,6.41,29.18,medium,low,6,spaceship,,,29/09/2026 02:29
f07c668c-2ddc-4adc-a4ac-bf05e7717ecf,viewers.photography,available,6.41,29.18,high,low,7,spaceship,,,28/09/2026 20:41
8285284a-3eb5-41af-86a6-0a9b574c43d9,ira.photography,premium,23.6,23.6,high,low,3,namesilo,,,28/09/2026 14:31
7788eff2-d168-4922-95aa-412a17229d24,transonic.photography,available,6.98,46.48,medium,low,9,namecheap,,,10/09/2026 14:11
4da63dce-1766-4041-8cb5-a74233c9f997,prochoice.photography,available,14.49,36.49,medium,low,10,namesilo,,,27/09/2026 06:48
31af8fd6-91ea-4821-a3a4-4013c20339a6,trio.photography,available,6.98,46.48,high,low,4,namecheap,,,21/09/2026 13:05
5a1847eb-2b64-40d1-b30d-a9e6b58e6f69,standardised.photography,available,14.49,36.49,high,low,12,namesilo,,,02/10/2026 03:58
4e050dc0-bbc9-49da-91ee-b7c65fef4a79,provisions.photography,available,6.98,46.48,high,low,10,namecheap,,,08/09/2026 08:15
fd2e54a2-01f8-4b30-9ae1-9133a80a39f5,inbox.photography,available,13.5,,high,medium,5,unstoppable,,,01/10/2026 02:34
b45c507e-c508-45f7-89f1-1453603e5ed8,datable.photography,available,9.99,46.99,medium,low,7,name.com,,,13/08/2026 18:36
c4712745-3ffe-4478-9acf-501069f79fe3,crumb.photography,available,6.98,46.48,medium,low,5,namecheap,,,11/08/2026 09:20
92aa1c4b-25e5-4be7-b5ca-ffeb18892455,disciple.photography,available,6.98,46.48,high,low,8,namecheap,,,
bf2db209-da8a-4020-8e09-7aea85e279dd,automated.photography,available,14.49,36.49,high,low,9,namesilo,,,22/09/2026 13:58
39266b4a-9e56-4c48-9378-c5c5bf061da5,rewarded.photography,available,6.41,29.18,medium,low,8,spaceship,,,28/09/2026 23:21
fa9356d0-812a-4b4b-97f3-5f056cf28e4f,seafood.photography,available,6.98,46.48,high,low,7,namecheap,,,08/09/2026 02:47
9eaabed9-3f09-4ff1-ad11-c2ecaa4bb585,banditry.photography,available,14.49,36.49,medium,low,8,namesilo,,,22/09/2026 01:24
890be7ec-d3e1-416f-9c00-7fb05e4c79a3,chorally.photography,available,6.98,46.48,medium,low,8,namecheap,,,14/09/2026 06:49
9a8c5a2f-6c11-4abc-9949-b1a65ebaccb3,arrears.photography,available,14.49,36.49,medium,low,7,namesilo,,,20/09/2026 08:55
cd3ef7a0-8cb3-4f13-9c89-6f244d830d6b,billiards.photography,premium,78.54,78.54,high,low,9,namesilo,,,23/09/2026 16:23
5351e28b-058d-4d55-8284-265302ef94d2,clashing.photography,available,6.98,46.48,medium,low,8,namecheap,,,12/08/2026 09:40
115a246d-c2c3-4f16-9e4f-35a6c253bbfd,foia.photography,available,14.49,36.49,high,low,4,namesilo,,,30/09/2026 11:49
4596ded5-e1f0-4465-92b8-83d38e47fd1d,reinforce.photography,available,28.2,28.2,high,low,9,cloudflare,,,29/09/2026 20:46
9efeb8ca-d662-4133-8a0e-b481d574098f,gwynedd.photography,available,14.49,36.49,medium,low,7,namesilo,,,02/10/2026 00:00
2122fa23-8fac-4eef-bc80-b0f6fb7c21c4,seizure.photography,available,5.57,30.18,high,low,7,dynadot,,,29/09/2026 00:20
bb24c48a-be38-4b6f-a447-5046c0cfe328,zymotic.photography,available,6.98,46.48,medium,low,7,namecheap,,,13/09/2026 15:57
491b5b33-56b4-454a-945f-b35438fcd211,installed.photography,available,6.98,46.48,medium,low,9,namecheap,,,28/09/2026 12:57
e04e2d4f-c571-4eb3-ad7b-3fbd4db20ac4,sensible.photography,available,6.98,46.48,high,low,8,namecheap,,,09/09/2026 11:07
0015ae19-7ca3-49f5-8c52-ca85bb43c3a7,elections.photography,available,6.41,29.18,medium,low,9,spaceship,,,29/09/2026 05:09
56e7411c-c27d-44d4-bf68-b0ddf136976c,indefinite.photography,available,14.49,36.49,high,low,10,namesilo,,,25/09/2026 09:08
3cbc7787-e62e-4420-9052-f470c643ce5b,curing.photography,available,13.5,,high,low,6,unstoppable,,,30/09/2026 16:51
505fcae3-efca-4c17-aeed-f15ead99c353,ensuring.photography,available,14.49,36.49,medium,low,8,namesilo,,,02/10/2026 02:34
3ebc77c2-961e-4526-b810-03fff2e11f68,prowess.photography,available,6.98,46.48,high,low,7,namecheap,,,20/09/2026 11:56
776c9c70-a981-4b5f-9ecd-713f543c16f6,cartesian.photography,available,6.98,46.48,high,low,9,namecheap,,,11/08/2026 19:49
8ee8ff5e-5ffc-4db2-aeac-4ba7da8f85d4,anaphor.photography,available,9.99,46.99,medium,low,7,name.com,,,19/09/2026 02:12
0d036905-cfca-4e31-ab99-081439914c1a,performances.photography,available,5.66,29.35,medium,low,12,porkbun,,,29/09/2026 23:43
4a302e98-8142-4345-bbc3-5461b9448d78,coowner.photography,available,14.49,36.49,medium,low,8,namesilo,,,01/10/2026 15:31
03ff4c15-79f6-443b-a1bc-f9b9fdba9e3f,circuits.photography,available,14.49,36.49,medium,low,8,namesilo,,,29/09/2026 00:07
bbb7e700-9eed-4e6a-91f8-23a3ef6408c5,push.photography,available,14.49,36.49,high,medium,4,namesilo,,,29/09/2026 12:15
90433656-55b4-4142-bf8e-c2275f12aa31,defiantly.photography,available,6.98,46.48,medium,low,9,namecheap,,,14/09/2026 08:33
b9f35647-d074-4c92-9156-88f07232a91e,belts.photography,available,28.2,28.2,medium,low,5,cloudflare,,,28/09/2026 09:04
8f4f4c66-543e-420b-ad9b-687fb64017c1,televised.photography,available,14.49,36.49,high,low,9,namesilo,,,21/09/2026 05:39
737a0ed6-a123-48bc-98df-c34342ec3487,accents.photography,available,5.66,29.35,medium,low,7,porkbun,,,30/09/2026 15:13
6fd41530-e79c-4bca-b396-e8c1fad72277,melt.photography,available,6.98,46.48,high,low,4,namecheap,,,25/09/2026 19:16
687d91ad-dc8d-463c-b392-f8e23162b225,wickedness.photography,available,6.98,46.48,medium,low,10,namecheap,,,17/08/2026 15:06
8bce8394-caa4-4c7e-b212-04feac0c1f69,vain.photography,available,6.98,46.48,high,low,4,namecheap,,,22/09/2026 23:50
d7d971b7-8ec0-492a-a5d4-0484271778a3,occupier.photography,available,6.98,46.48,high,low,8,namecheap,,,09/09/2026 14:58
bf190ce0-3bd3-4ad2-a793-4c46872c3c5e,dissent.photography,available,6.41,29.18,high,low,7,spaceship,,,29/09/2026 16:15
18845f5b-3a9f-4a4f-838e-eeec696b85a5,martyrs.photography,available,13.5,,medium,low,7,unstoppable,,,30/09/2026 15:31
91d1e5a5-5a08-473e-bd19-bdeabc9d9851,cpr.photography,premium,23.6,23.6,high,low,3,namesilo,,,24/09/2026 12:51
8e533a06-e2a0-4cc6-a961-c031c9daa198,weaned.photography,available,6.98,46.48,medium,low,6,namecheap,,,13/09/2026 08:53
7e06233e-a76d-4288-9de0-5399b1d3d447,honeymoons.photography,available,14.49,36.49,medium,low,10,namesilo,,,20/09/2026 01:32
cdac40cc-fea5-43e7-abf0-c6cc0636de50,chord.photography,available,14.49,36.49,high,low,5,namesilo,,,24/09/2026 14:47
f546e7e5-1c15-4ee1-935c-6f7a5dd22b36,ioc.photography,available,6.41,29.18,high,low,3,spaceship,,,28/09/2026 07:36
c207f556-3cd9-4662-b99d-62eeb82a609d,sergeant.photography,available,28.2,28.2,high,low,8,cloudflare,,,28/09/2026 06:37
0cd7971f-fed7-44a4-b88a-2d05ee69c072,eec.photography,available,6.41,29.18,high,low,3,spaceship,,,29/09/2026 00:28
10fee4a0-f17c-4f05-a3b5-9d6da70b14ed,civil.photography,available,6.98,46.48,high,low,5,namecheap,,,12/08/2026 09:03
3ee497e8-8edb-4c64-bae9-34e1b83d8ab5,licence.photography,available,14.49,36.49,high,low,7,namesilo,,,01/10/2026 02:54
60c2a500-c86f-40ad-aca0-31aaa832d0f7,baden.photography,available,14.49,36.49,medium,low,5,namesilo,,,25/09/2026 13:59
da8458a6-c0e6-4b94-bfd4-f3dfd027940a,gayly.photography,available,6.98,46.48,medium,low,5,namecheap,,,14/09/2026 00:29
016ea56d-a93c-44d5-b3e3-87158eb245b5,peaceable.photography,available,6.98,46.48,high,low,9,namecheap,,,08/09/2026 11:08
a325f76e-6824-49de-9eff-87e99d9147b9,yukon.photography,available,14.49,36.49,high,low,5,namesilo,,,01/10/2026 22:06
e86f56c8-cee7-49de-930d-4fdecc0481b2,remove.photography,available,14.49,36.49,high,low,6,namesilo,,,21/09/2026 14:40
f1b35e20-21a9-452c-88e8-235f1bb6545e,kobe.photography,premium,102.67,102.67,high,low,4,spaceship,,,28/09/2026 02:14
3eed8e50-974e-481c-adce-0371470c61b2,initiating.photography,available,5.57,30.18,medium,low,10,dynadot,,,30/09/2026 14:45
41902cf5-c4c6-4134-884b-4671ad26140d,equid.photography,available,6.98,46.48,medium,low,5,namecheap,,,17/08/2026 11:47
bfff37c6-186b-4bc3-9c86-2bfe1a1170fc,crochet.photography,available,6.98,46.48,high,low,7,namecheap,,,24/09/2026 19:40
a9ace74c-bd7c-4d93-a497-5739cc2bef9d,phillip.photography,premium,23.6,23.6,high,low,7,namesilo,,,17/09/2026 13:24
317fadd9-2a27-4255-be42-25fd05984b5c,materials.photography,available,6.41,29.18,medium,low,9,spaceship,,,28/09/2026 12:42
cfde6671-8361-45b7-b9c4-71a0e1e23954,precisely.photography,available,6.98,46.48,high,low,9,namecheap,,,04/09/2026 14:15
fd370e51-7d98-4eb3-9ab3-896d0b989ef6,unsung.photography,available,6.98,46.48,medium,low,6,namecheap,,,12/09/2026 20:49
d606ef68-0abf-4c52-93e7-1a1d8649f5a8,abdomen.photography,available,14.49,36.49,high,low,7,namesilo,,,16/09/2026 14:45
9c4a7d22-d43b-43a4-ac11-3cb4eb4aa81c,veins.photography,available,6.41,29.18,medium,low,5,spaceship,,,28/09/2026 08:48
b7e8f1fa-819f-45c2-89fe-9f2a7408b1df,carnation.photography,available,6.98,46.48,high,low,9,namecheap,,,11/08/2026 19:26
d2d3e127-21fa-4e15-b3bd-25c626c1a305,unsheared.photography,available,6.98,46.48,low,low,9,namecheap,,,12/09/2026 19:44
af44a3fe-bdac-4b11-85a3-ce6d8f558bbb,augmented.photography,available,5.57,30.18,high,low,9,dynadot,,,29/09/2026 12:46
49ebe4c8-a200-4614-a861-653a15b12d4e,angst.photography,available,14.49,36.49,medium,low,5,namesilo,,,19/09/2026 07:24
63e4b1d0-fecb-4db4-b810-914ad119ecf2,cripple.photography,available,6.98,46.48,medium,low,7,namecheap,,,22/08/2026 18:58
35ed91d3-45cf-4731-aba8-76e829f712d7,hives.photography,available,5.57,30.18,high,low,5,dynadot,,,01/10/2026 02:36
ff5be370-c947-442f-a6e1-bd2ab3dfabc5,scalp.photography,available,14.49,36.49,high,low,5,namesilo,,,29/09/2026 08:01
9ddc44b7-a465-4e91-bbdb-a1946e5e31cd,gershwin.photography,available,9.99,61.99,high,low,8,godaddy,,,30/09/2026 01:44
bf7610ec-1683-45ec-81f4-886dbc8cc556,dismissive.photography,available,6.98,46.48,medium,low,10,namecheap,,,14/08/2026 11:49
e5aa95f8-17a3-413b-a13c-b14c4ff3f5d4,wilberforce.photography,available,5.66,29.35,medium,low,11,porkbun,,,30/09/2026 05:04
211476ae-ba0c-40bb-9f6d-32d1451b657e,census.photography,available,14.49,36.49,high,low,6,namesilo,,,24/09/2026 13:32
0b61bda4-6a34-4536-8ce7-ec5d6556d14e,southwest.photography,premium,118.8,118.8,medium,low,10,namesilo,,,28/09/2026 13:09
82675de2-6be6-4b58-af07-80096377aaee,ots.photography,available,13.5,,high,low,3,unstoppable,,,01/10/2026 07:34
65bd4df3-4ad3-40bf-bb1d-226af0740c36,abjurer.photography,available,14.49,36.49,medium,low,7,namesilo,,,16/09/2026 16:02
02da35f9-98cf-4ab8-9e66-a35cbb57bcaa,benzol.photography,available,14.49,36.49,high,low,6,namesilo,,,23/09/2026 08:53
dc175bb3-b24f-4f26-9024-f8621ad036ef,drubbing.photography,available,6.98,46.48,medium,low,8,namecheap,,,13/09/2026 07:58
20ef5e41-23a6-46b1-8a4f-6fc2fbc643ad,branching.photography,available,6.98,46.48,high,low,9,namecheap,,,11/08/2026 02:08
ed7f72f4-ab57-45ba-bacb-5979ced3de83,nsw.photography,premium,20.9,20.9,high,low,3,spaceship,,,28/09/2026 10:31
02e6d618-72c5-4d79-bf20-11a7eb17795f,whiskered.photography,available,6.98,46.48,medium,low,9,namecheap,,,08/08/2026 16:15
2ea3f9f6-1eca-4590-802a-832d0e61452c,semester.photography,available,14.49,36.49,high,low,8,namesilo,,,28/09/2026 06:43
554cf44f-57cf-42f4-957e-dbe91060e4e5,containers.photography,available,14.49,36.49,medium,low,10,namesilo,,,19/09/2026 01:32
05d33202-c0f4-4475-9cdd-887bc64c93b6,earthborn.photography,available,6.98,46.48,medium,low,9,namecheap,,,14/08/2026 22:35
473b2e6a-4a36-456e-8863-535b5d6512a2,beeper.photography,available,6.98,46.48,high,low,6,namecheap,,,23/09/2026 01:31
d2a3ee15-e49a-46fd-9744-83f8d9af4315,resentful.photography,available,6.98,46.48,medium,low,9,namecheap,,,09/09/2026 14:48
6e12f1b2-4d5b-4a08-9589-1b1a5ec64638,peccable.photography,available,6.98,46.48,medium,low,8,namecheap,,,08/09/2026 11:30
01e1ce53-96fd-4c0b-9ba6-3fa5b2d97077,clue.photography,available,28.2,28.2,high,low,4,cloudflare,,,29/09/2026 10:03
dbdd4a11-afcd-4ea4-969a-356b7981fb2b,borne.photography,available,9.99,,medium,low,5,name.com,,,
ac6bb872-26e9-4a59-8cf5-e795f9786cb7,replaces.photography,available,14.49,36.49,medium,low,8,namesilo,,,20/09/2026 05:35
55ba8b8e-209d-40bf-8aa6-2b6d76449455,forbid.photography,available,6.98,46.48,medium,low,6,namecheap,,,28/09/2026 10:33
24be8d85-8faa-4319-9c73-be0c0aa4c89c,antiblack.photography,available,6.98,46.48,low,low,9,namecheap,,,
31326deb-00bb-4a32-965a-96255d88d14f,intrigued.photography,available,28.2,28.2,medium,low,9,cloudflare,,,30/09/2026 00:46
486d6a5c-b766-4bd5-bb55-f544b29684e1,airs.photography,available,14.49,36.49,high,low,4,namesilo,,,17/09/2026 23:21
5c2b7f94-b718-4163-8bf2-2417a624dd73,pee.photography,available,6.98,46.48,medium,low,3,namecheap,,,13/09/2026 09:51
199be063-0fd9-47d8-a3b2-e2bf8c92ccbc,scarf.photography,available,5.57,30.18,high,low,5,dynadot,,,28/09/2026 20:23
3394f38b-3f60-461d-8913-574d66a15469,libre.photography,available,5.57,30.18,high,low,5,dynadot,,,01/10/2026 22:14
af71e31c-55a8-4d6a-9db4-3402097dad06,cones.photography,available,6.41,29.18,medium,low,5,spaceship,,,30/09/2026 15:18
b82790e8-df38-4c8b-a467-38a58e202415,inelegant.photography,available,6.98,46.48,medium,low,9,namecheap,,,22/08/2026 03:44
ebe6377f-0911-468f-8468-391dabe9b550,mislabeled.photography,available,6.98,46.48,medium,low,10,namecheap,,,25/08/2026 01:21
b7f23673-5091-4634-a025-d0ae1888dcf9,pareve.photography,available,6.98,46.48,medium,low,6,namecheap,,,08/09/2026 01:25
53577298-b78d-485b-a39a-4bc9feeaf6a6,lowland.photography,available,6.98,46.48,high,low,7,namecheap,,,24/08/2026 10:48
f7a330ed-5412-43cf-aa4d-f19bcdb16f3a,basal.photography,available,6.98,46.48,medium,low,5,namecheap,,,08/08/2026 21:24
70fe54f4-0b51-4da3-9d33-335c06581c84,twopenny.photography,available,6.98,46.48,medium,low,8,namecheap,,,10/09/2026 09:10
ce8b8869-2e5b-4531-9335-a678f64e0960,callaway.photography,available,14.49,36.49,high,low,9,namesilo,,,29/09/2026 23:03
4064889e-d693-4162-94bf-1f4a95a9475d,fetid.photography,available,6.98,46.48,medium,low,5,namecheap,,,18/08/2026 02:24
75ea94e5-ec8e-46f4-86e0-0cd39ad4e08b,ammunition.photography,available,14.49,36.49,high,low,10,namesilo,,,18/09/2026 22:05
f11ca2c3-6324-43d0-bb0e-10d5563f785a,opportunities.photography,available,14.49,36.49,medium,low,13,namesilo,,,28/09/2026 08:42
2ca22a93-247d-46bf-a446-cc1c23e06b15,handicapped.photography,available,6.41,29.18,medium,low,11,spaceship,,,29/09/2026 03:14
1bd5806a-43b9-44f1-ba58-b902e22bdf18,impelling.photography,available,6.98,46.48,medium,low,9,namecheap,,,21/08/2026 22:04
ab17a9b3-d4ba-4091-ba2e-738eb4d84cfa,cet.photography,premium,26,26,medium,low,3,namecheap,,,30/09/2026 13:12
466584ad-3ad3-4fb4-be82-38bd8fabf8d9,ashen.photography,available,6.98,46.48,medium,low,5,namecheap,,,07/08/2026 02:09
a098e7a6-d023-4a0a-83c8-ab3bf9525418,elmhurst.photography,available,14.49,36.49,medium,low,8,namesilo,,,02/10/2026 01:13
229684d3-f6a5-4cd4-aa9a-651ff092fc89,immovable.photography,available,6.98,46.48,medium,low,9,namecheap,,,21/08/2026 21:17
2e69aca1-a5a7-4165-9d29-a0b83ac1488e,hardy.photography,available,6.98,46.48,high,low,5,namecheap,,,22/09/2026 12:21
10a695eb-8775-4312-95c3-775410ec6cb4,stp.photography,premium,11.19,22.36,high,low,3,porkbun,,,01/10/2026 21:35
86a50022-6d6a-49c8-a81f-f5a916e79e72,wyandotte.photography,available,28.2,28.2,high,low,9,cloudflare,,,30/09/2026 20:28
c7dfa297-044e-4e07-874b-69831c8b738d,procedure.photography,available,14.49,36.49,high,low,9,namesilo,,,19/09/2026 02:44
0ee50d8e-086c-44be-b6e8-6e8860d5e1a8,blackbeard.photography,available,14.49,36.49,medium,low,10,namesilo,,,24/09/2026 02:06
fac5d25a-b8a7-49fe-afbe-96f83c199d4f,recommends.photography,available,6.41,29.18,medium,low,10,spaceship,,,02/10/2026 03:44
30e68f73-6835-491f-991b-b8930a5d644b,circulation.photography,available,6.41,29.18,medium,low,11,spaceship,,,28/09/2026 08:15
d7969924-24a1-4ca1-9cb4-de7f8aff9830,workload.photography,available,6.98,46.48,high,low,8,namecheap,,,30/09/2026 03:09
0665d41f-2fb3-44a8-a924-c780c8835b99,stylistic.photography,available,6.98,46.48,high,low,9,namecheap,,,10/09/2026 23:19
9ae98829-1f50-4a7f-911c-13df08eda08d,abronia.photography,available,14.49,36.49,medium,low,7,namesilo,,,16/09/2026 17:19
8d665ea9-3778-4448-b104-40046f7513eb,skyway.photography,available,14.49,36.49,high,low,6,namesilo,,,17/09/2026 22:32
3630c5df-1beb-446f-8586-b9f8e8202aef,danvers.photography,available,14.49,36.49,medium,low,7,namesilo,,,29/09/2026 22:33
76a68b93-c52c-423b-8db8-1f2a56b8013c,pierce.photography,available,14.49,36.49,high,low,6,namesilo,,,27/09/2026 13:38
f5768c64-0a72-48b8-9a14-1a5a34d50363,chervil.photography,available,14.49,36.49,medium,low,7,namesilo,,,19/09/2026 13:55
2306247a-f282-498f-b281-3134124357bf,gip.photography,available,6.98,46.48,medium,low,3,namecheap,,,14/09/2026 08:07
9dfcfcae-7f40-47d7-913e-e3550fa0523b,thallus.photography,available,28.2,28.2,medium,low,7,cloudflare,,,30/09/2026 18:57
ee7794e7-ace8-4438-9198-afc4b99c3161,healthily.photography,available,6.98,46.48,medium,low,9,namecheap,,,14/09/2026 23:15
53a8fc82-703a-482b-a1f5-f13855b7c891,unrelated.photography,available,6.98,46.48,medium,low,9,namecheap,,,12/09/2026 18:04
00ab858d-0638-4cb3-ae67-dc3420c220c9,splenic.photography,available,9.99,46.99,medium,low,7,name.com,,,23/08/2026 01:27
87592c1c-ef6b-4f1a-b19f-efdbb3c7ec73,gabble.photography,available,14.49,36.49,medium,low,6,namesilo,,,23/09/2026 23:37
1f8d044d-b2b7-4a8e-bc38-a8d70cee9ad1,dentistry.photography,available,9.99,46.99,high,low,9,name.com,,,24/09/2026 21:55
479217b2-73e3-4371-a1d6-b2e83163992b,mitigated.photography,available,6.98,46.48,medium,low,9,namecheap,,,25/08/2026 02:06
9656d532-5449-42b6-9641-45bcd29fe16a,dodge.photography,available,6.41,29.18,high,low,5,spaceship,,,28/09/2026 01:47
28ec661b-68b7-4111-8f05-2eeb023600c2,mating.photography,available,13.5,,high,low,6,unstoppable,,,28/09/2026 06:22
cdbcae9e-a009-4a3e-8b30-05c34b56522a,resolutely.photography,available,6.98,46.48,medium,low,10,namecheap,,,14/09/2026 11:12
cccc946d-be1a-4ad9-a68e-cb9d3905d066,axone.photography,available,14.49,36.49,high,low,5,namesilo,,,21/09/2026 10:31
7b6f4efc-0dfc-4df0-8d12-e001ad8c41d5,waited.photography,available,14.49,36.49,medium,low,6,namesilo,,,18/09/2026 01:45
2f562a52-a03d-4263-85b4-4b8171bc73e6,grating.photography,available,6.98,46.48,high,low,7,namecheap,,,20/08/2026 18:26
beea3927-442c-4b6c-aa80-9a7d8a0499ac,inveterate.photography,available,6.98,46.48,high,low,10,namecheap,,,22/08/2026 09:02
1b8da184-b70a-4bae-8e70-b0c914bd7fb4,rum.photography,premium,23.6,23.6,high,low,3,namesilo,,,13/08/2026 11:11
b0194f33-db33-40fc-b0cf-c8ca9fc0e1b8,sensationally.photography,available,6.41,29.18,medium,low,13,spaceship,,,02/10/2026 00:06
b55ab7e3-8dfd-4b85-84ea-64f4e8a55661,pommel.photography,available,14.49,36.49,medium,low,6,namesilo,,,23/09/2026 13:53
9d6c2c90-4367-42d1-bac7-d3389ea3ca5c,embarrassed.photography,available,14.49,36.49,medium,low,11,namesilo,,,27/09/2026 06:32
ff102804-ef59-4f37-847d-d4b4afc8cac5,acquaintance.photography,available,6.98,46.48,high,low,12,namecheap,,,28/09/2026 08:20
787c42ae-4d20-4b1c-a7ea-611827c6dd7a,chalk.photography,available,28.2,28.2,high,low,5,cloudflare,,,28/09/2026 05:27
090898da-0e78-4844-bf5a-fdba65e54ca4,lubricant.photography,available,6.41,29.18,high,low,9,spaceship,,,01/10/2026 20:24
44d9763e-56f7-4011-9914-3681fe22a0dd,bleach.photography,available,14.49,36.49,high,low,6,namesilo,,,24/09/2026 03:49
58dcb306-5681-4b3f-b1fd-be9b4c6ffbd6,groom.photography,available,9.99,46.99,high,low,5,name.com,,,27/09/2026 12:02
a1070c79-6c06-42da-a8f8-f96a41777b2f,tauten.photography,available,6.98,46.48,medium,low,6,namecheap,,,18/08/2026 05:16
bbc89da8-44b1-4aa8-94b4-1996cdf8e205,failure.photography,available,14.49,36.49,high,low,7,namesilo,,,25/09/2026 22:41
65c29405-2156-4afd-8011-4104f7a366d9,publicly.photography,available,14.49,36.49,medium,low,8,namesilo,,,28/09/2026 15:37
9a4c392d-20c1-4091-9780-ba5fd3d719fe,jingly.photography,available,6.98,46.48,medium,low,6,namecheap,,,22/08/2026 13:29
91eec0d0-46e5-4827-92fe-0fafaae08052,sophistic.photography,available,6.98,46.48,medium,low,9,namecheap,,,10/09/2026 14:15
34b1451b-6307-4b0f-b4b6-3b00b8942771,shorted.photography,available,14.49,36.49,medium,low,7,namesilo,,,20/09/2026 16:13
a9933cb8-94f6-40f0-8b6f-95c3b06f9e59,arsehole.photography,available,14.49,36.49,medium,low,8,namesilo,,,20/09/2026 09:34
61bbfc88-1da0-4a50-9cc0-a7d2f2ea6b98,academy.photography,premium,26,26,high,low,7,namecheap,,,16/09/2026 20:24
b76db646-6544-4553-88ab-fd1a2a45b422,hurricanes.photography,available,14.49,36.49,medium,low,10,namesilo,,,30/09/2026 15:08
ba56ddbf-ce85-4c74-8fb9-80d5c3d7d69b,cantaloup.photography,available,14.49,36.49,high,low,9,namesilo,,,24/09/2026 12:08
56acdcc2-8054-4164-968b-89d6ffd71eb9,him.photography,premium,20.9,20.9,high,low,3,spaceship,,,30/09/2026 22:23
0d9d179e-e6ea-428f-b5fe-105446dcb20e,endure.photography,available,6.98,46.48,high,low,6,namecheap,,,11/08/2026 02:41
e11f62ad-a5bc-4559-9e65-7536791bdf55,forfeit.photography,available,6.98,46.48,high,low,7,namecheap,,,12/08/2026 21:00
1e4a210e-8a9a-45d5-8195-6536f69cefeb,contribution.photography,available,5.66,29.35,high,low,12,porkbun,,,28/09/2026 04:30
c2fb821a-f814-415f-803e-a1300915b034,tress.photography,available,14.49,36.49,medium,low,5,namesilo,,,24/09/2026 07:57
e697a031-2a73-46cb-b26b-74aeb1417cb5,hiring.photography,available,5.66,29.35,high,low,6,porkbun,,,28/09/2026 08:27
cdde8787-9e09-459a-b061-0f76f58df42a,underway.photography,available,6.98,46.48,high,low,8,namecheap,,,12/09/2026 07:42
3219eac9-df7f-459a-b18b-8338138563a5,unwrinkled.photography,available,6.98,46.48,medium,low,10,namecheap,,,12/09/2026 22:55
3b2d81c6-8286-432a-8ea2-f197d21efa54,practicality.photography,available,6.98,46.48,high,low,12,namecheap,,,16/09/2026 09:33
8dc936fb-a988-4493-b1ee-991cc6cb7ecc,pcb.photography,available,28.2,28.2,high,low,3,cloudflare,,,28/09/2026 17:13
5a02420a-4ba7-44c0-957c-2c1a03546c60,rousseau.photography,available,13.5,,high,low,8,unstoppable,,,01/10/2026 02:29
7ab1a3f2-649a-4e55-9d42-18d6183adceb,confusion.photography,available,5.57,30.18,high,low,9,dynadot,,,29/09/2026 10:55
b239dc08-81a1-4393-a528-f519fdcfafe6,equanimous.photography,available,6.98,46.48,medium,low,10,namecheap,,,17/08/2026 11:37
50aeb006-7dd8-4961-8312-d63b9f798776,plugged.photography,available,6.98,46.48,high,low,7,namecheap,,,08/09/2026 21:30
9902cb5f-accd-47ed-b256-b74c72edaf1f,turds.photography,available,14.49,36.49,low,low,5,namesilo,,,18/09/2026 11:32
5e295514-6887-43cf-8e46-4db0861038ee,methodology.photography,available,14.49,36.49,high,low,11,namesilo,,,30/09/2026 06:02
d9abf09d-ad30-4981-89b2-ab3344ef87ac,gluey.photography,available,6.98,46.48,medium,low,5,namecheap,,,20/08/2026 15:16
64914771-3694-4c8f-a59b-71f4571c371e,junket.photography,available,14.49,36.49,high,low,6,namesilo,,,22/09/2026 03:02
01697bf1-8697-4079-a0c3-f326b4b53828,nth.photography,premium,23.6,23.6,medium,low,3,namesilo,,,03/09/2026 12:35
500bad87-70c1-4281-bd72-0e37545c4ed9,resident.photography,available,6.98,46.48,high,low,8,namecheap,,,03/09/2026 19:51
67a97b15-cfd4-4685-97c4-634e3941bff6,late.photography,available,6.98,46.48,high,low,4,namecheap,,,22/09/2026 19:16
03377dd2-39fa-46cd-8eaf-667eef33116c,lol.photography,premium,23.6,23.6,high,low,3,namesilo,,,30/09/2026 21:37
f52ac25a-af84-437a-ab57-6c13e242b948,villains.photography,available,14.49,36.49,medium,low,8,namesilo,,,30/09/2026 07:35
3d37ee0f-61b9-4058-bedf-f3a55e31c72d,mommy.photography,available,6.41,29.18,high,low,5,spaceship,,,30/09/2026 02:10
89441477-aec7-4aef-8346-c95c995874da,shakira.photography,available,9.99,,high,low,7,name.com,,,
50b31fda-3c2b-4c05-85df-cdb6923029a1,abbots.photography,available,14.49,36.49,medium,low,6,namesilo,,,30/09/2026 14:11
b153ef1c-db8b-47b9-8fac-c3db7f9864ba,usefully.photography,available,14.49,36.49,medium,low,8,namesilo,,,16/09/2026 10:28
04f0ca29-e01b-4c0b-a6af-f05fe10688bc,sculptural.photography,available,6.98,46.48,medium,low,10,namecheap,,,25/08/2026 02:53
7dd400eb-54ed-4d93-bd80-605a4d27c85f,puncture.photography,available,6.41,29.18,high,low,8,spaceship,,,29/09/2026 20:04
bc982715-60aa-49ff-bf03-e76eb71c0faa,trunk.photography,available,6.98,46.48,high,low,5,namecheap,,,21/09/2026 07:24
13d4a9aa-5391-41e8-a5f7-a16b0c4cb057,tacitly.photography,available,14.49,36.49,medium,low,7,namesilo,,,16/09/2026 07:43
b9117142-e422-4dc8-a0d4-e81a3dce9850,airtight.photography,available,6.98,46.48,high,low,8,namecheap,,,
4e5f4f28-63be-4c85-872b-5b4fd3b34a60,cornelia.photography,available,14.49,36.49,medium,low,8,namesilo,,,28/09/2026 07:53
8ed6b020-773e-4dba-bd95-f25bb222c71e,rudderfish.photography,available,14.49,36.49,medium,low,10,namesilo,,,22/09/2026 01:07
3b691b26-43f9-4183-a92e-77e7d1263d8e,cfs.photography,available,6.41,29.18,high,low,3,spaceship,,,29/09/2026 03:24
0b28dc97-89ec-4157-b298-12f28b771ee2,variety.photography,available,6.98,46.48,high,low,7,namecheap,,,25/09/2026 12:52
89c3733d-2e95-4751-bc24-1c0b65a34e86,blackfish.photography,available,6.98,46.48,medium,low,9,namecheap,,,24/09/2026 01:55
6eb69d3e-cde4-4f96-ba46-83dda6db9e2c,deutscher.photography,available,13.5,,high,low,9,unstoppable,,,29/09/2026 08:39
77c4100e-3251-4251-91c9-856929b8569e,considerably.photography,available,13.5,,medium,low,12,unstoppable,,,29/09/2026 14:23
e749761c-0a80-4b4b-bc61-2432c739258d,immediately.photography,available,14.49,36.49,high,low,11,namesilo,,,27/09/2026 06:22
752251c2-466a-4b8f-a467-90f66713f612,denis.photography,available,6.98,46.48,high,low,5,namecheap,,,25/09/2026 15:03
4f4857c1-26a7-4e6f-8583-eb83d9074935,bathtub.photography,available,14.49,36.49,high,low,7,namesilo,,,22/09/2026 13:40
e5bb8de9-3860-4e47-b993-e21e2aeb95f8,cinnabar.photography,available,6.98,46.48,medium,low,8,namecheap,,,12/08/2026 05:49
97cff352-9db2-4c65-bf1c-3674d867cb92,untrue.photography,available,14.49,36.49,medium,low,6,namesilo,,,26/09/2026 03:18
c117dd6c-1251-44a2-9a8e-a5cd0df0b13f,steady.photography,available,6.98,46.48,high,low,6,namecheap,,,24/09/2026 18:34
a3fd831f-9e11-4260-8bf9-269bbac80386,lasted.photography,available,5.66,29.35,medium,low,6,porkbun,,,28/09/2026 04:59
e3f1408e-1d2c-4458-9fac-1fd08faa70d2,novi.photography,available,28.2,28.2,high,low,4,cloudflare,,,28/09/2026 21:12
959f0266-b975-485d-a1dc-e5007b3b35aa,enquirer.photography,available,14.49,36.49,high,low,8,namesilo,,,20/09/2026 14:24
901ff3c0-abda-4e4c-9d8f-1ae0e1cabfd1,concluded.photography,available,6.98,46.48,high,low,9,namecheap,,,
5b7ea8ed-0fcc-405f-95df-9bc77b2634bb,ala.photography,premium,20.9,20.9,high,low,3,spaceship,,,28/09/2026 19:57
fbf1a636-b4f4-49e9-a253-83c5327cc526,taint.photography,available,14.49,36.49,medium,low,5,namesilo,,,24/09/2026 17:39
4adb73dc-7ccb-4291-a072-10c8dbe22502,angular.photography,available,14.49,36.49,high,low,7,namesilo,,,22/09/2026 04:30
1caf9e65-e8ba-4824-95b0-dec74453da5a,alhakim.photography,available,14.49,36.49,medium,low,8,namesilo,,,18/09/2026 00:38
9c25bb9d-198d-4d9d-8886-509af6a2287c,avulsion.photography,available,14.49,36.49,medium,low,8,namesilo,,,21/09/2026 09:54
b642c182-8856-40d2-b574-e19287bcbba3,catcher.photography,available,14.49,36.49,high,low,7,namesilo,,,21/09/2026 16:05
9241d4e8-3e60-493c-b41c-36487cf84624,spirant.photography,available,6.98,46.48,medium,low,7,namecheap,,,12/08/2026 23:20
a3505219-c9ce-406c-aa68-4457a61c8b9b,stretcher.photography,available,13.5,,high,low,9,unstoppable,,,30/09/2026 16:46
45de8584-9b4f-4fa8-bcd6-bf305f6e23d3,rimbaud.photography,available,6.98,46.48,medium,low,7,namecheap,,,20/09/2026 11:03
4db38588-ec75-4589-935d-c9abd0b6e0ec,pension.photography,available,13.5,,high,low,7,unstoppable,,,28/09/2026 10:42
9ac0960f-5e55-4215-96aa-40e816c58e20,grapefruit.photography,available,14.49,36.49,high,low,10,namesilo,,,24/09/2026 15:09
3f756a81-edc2-45a5-b692-4daf537718b3,rambling.photography,available,6.98,46.48,medium,low,8,namecheap,,,17/08/2026 16:41
3d7ba597-e10e-4e56-a0c6-8a2deb3457fb,crucifix.photography,available,14.49,36.49,high,low,8,namesilo,,,30/09/2026 16:50
3c26a659-18a7-4698-ba6a-5d0c3cf0f3f2,superfund.photography,available,28.2,28.2,high,low,9,cloudflare,,,29/09/2026 08:11
f3306d76-54b5-4405-a30e-84fc792d3316,useless.photography,available,6.41,29.18,medium,low,7,spaceship,,,28/09/2026 10:02
885c5d0a-a97a-4cc5-a967-2b08deabfeb4,inexorable.photography,available,6.98,46.48,medium,low,10,namecheap,,,
9dcbb2b0-d2e3-4e80-821d-15b2f494dd33,gag.photography,premium,23.6,23.6,high,low,3,namesilo,,,29/09/2026 20:25
1119bcad-cb07-4d16-8d03-c335ca29d47c,cruz.photography,premium,23.6,23.6,high,low,4,namesilo,,,25/09/2026 11:52
9a3621f4-f10d-4609-a18c-f916744fb1ee,extensile.photography,available,6.98,46.48,medium,low,9,namecheap,,,17/08/2026 19:01
d91d4b92-9f6d-4bbb-8718-0bc9f49903f4,trimly.photography,available,14.49,36.49,medium,low,6,namesilo,,,16/09/2026 09:29
1a3c376e-3818-48e1-9aa2-29adfa5b84dc,everlasting.photography,available,6.41,29.18,high,low,11,spaceship,,,29/09/2026 08:43
571f8edd-e518-4ad4-93a7-1870cf273d5d,peoria.photography,premium,123.75,123.75,high,low,6,name.com,,,27/09/2026 04:58
6fec7716-862f-4bf6-9d2e-7ec8e2c0f368,furtive.photography,available,6.98,46.48,medium,low,7,namecheap,,,08/08/2026 06:32
0d174579-e46c-47eb-b9a5-507f3d006e67,cheat.photography,available,6.98,46.48,high,low,5,namecheap,,,12/08/2026 03:31
c20db553-5517-41f4-93e8-a60aaa7fcdbf,webmasters.photography,available,14.49,36.49,medium,low,10,namesilo,,,18/09/2026 23:06
99defa86-b756-411a-beed-bd87bc4ebadc,disrespectful.photography,available,13.5,,medium,low,13,unstoppable,,,30/09/2026 19:29
6d5e6464-1bef-42dc-94eb-62519cbdc385,halle.photography,available,14.49,36.49,high,low,5,namesilo,,,27/09/2026 04:25
d579ee0a-9337-4b85-912a-5a9fb7d3a912,southgate.photography,available,6.41,29.18,medium,low,9,spaceship,,,01/10/2026 11:23
56b3529a-668f-4e28-bbf2-9c04798c5e60,cynical.photography,available,9.99,46.99,medium,low,7,name.com,,,13/08/2026 13:59
8c2fb797-a066-408c-98bd-1d4f3e6e88b0,adalia.photography,available,14.49,36.49,medium,low,6,namesilo,,,17/09/2026 06:12
a6482fa2-09de-413b-b07f-a6a243e4593b,ametria.photography,available,6.98,46.48,medium,low,7,namecheap,,,18/09/2026 21:07
dd1fcc42-3f11-49c8-8211-e6315d6197c1,conceal.photography,available,14.49,36.49,high,low,7,namesilo,,,29/09/2026 22:43
9c724ddb-fcc9-4a69-ba71-12025d373da0,ses.photography,premium,20.5,,high,low,3,unstoppable,,,28/09/2026 12:11
1d18d990-bc1e-471e-8436-ec5f5621faf3,diligent.photography,available,14.49,36.49,high,low,8,namesilo,,,24/09/2026 08:25
e4dcdb8f-947f-4be9-a934-1aa9c474df1b,buzzing.photography,available,6.98,46.48,high,low,7,namecheap,,,
df51e932-21a8-4dc8-9e70-042a677e2c1e,inconvenience.photography,available,6.41,29.18,medium,low,13,spaceship,,,29/09/2026 02:52
23b478c5-94e7-4af9-bd8a-d1f9e153c78b,remedy.photography,available,6.98,46.48,high,low,6,namecheap,,,13/08/2026 11:01
b3aa8c59-d3dc-4094-84ec-6d767470e031,misleading.photography,available,6.98,46.48,medium,low,10,namecheap,,,25/08/2026 01:34
1920ff9d-ca65-45bc-9d0c-d2fcf2348824,arboretum.photography,available,14.49,36.49,medium,low,9,namesilo,,,20/09/2026 00:49
4122579e-226c-40d7-936a-9ab5c5d23f8e,functioning.photography,available,13.5,,medium,low,11,unstoppable,,,28/09/2026 21:19
c50fe93b-06f8-4216-a50e-74405a272eee,alarming.photography,available,6.98,46.48,medium,low,8,namecheap,,,
585d1679-5421-448f-b8b9-99669190a239,absorbing.photography,available,14.49,36.49,high,low,9,namesilo,,,21/09/2026 15:02
695c60f0-d376-4061-b494-861daceb4f1a,nyc.photography,premium,242,242,high,medium,3,namesilo,,,
59e480a5-83ed-44fd-b765-00f91b1b3f19,brisken.photography,available,6.98,46.48,medium,low,7,namecheap,,,11/08/2026 04:39
e898b711-f310-4186-8a1c-f385ac588898,larceny.photography,available,6.98,46.48,medium,low,7,namecheap,,,11/09/2026 13:18
1ea45593-45de-4897-a071-88367d035946,kidding.photography,available,28.2,28.2,high,low,7,cloudflare,,,29/09/2026 03:02
8271ecd0-4a78-4bb5-84dc-b95eda556881,jugular.photography,available,6.98,46.48,medium,low,7,namecheap,,,22/08/2026 14:16
ed6af5dd-ab09-4c82-9d94-1930b971e594,warm.photography,available,6.98,46.48,high,low,4,namecheap,,,21/09/2026 21:51
e8d7b8d1-c9fc-49f1-a44d-adebb0d3f49d,triploid.photography,available,6.98,46.48,medium,low,8,namecheap,,,11/09/2026 20:10
f9a2b67c-5e17-4b34-816e-69b29005208f,edna.photography,premium,23.6,23.6,high,low,4,namesilo,,,27/09/2026 01:34
4cb5d434-2b95-4ddd-a253-3cee88e82e9c,gaol.photography,available,6.98,46.48,medium,low,4,namecheap,,,08/09/2026 22:46
26658827-56b1-4fbe-8b6b-e747088215c2,lexically.photography,available,6.98,46.48,medium,low,9,namecheap,,,15/09/2026 11:16
bc463101-63ce-4076-8544-81e79cb0299f,alligator.photography,available,14.49,36.49,high,low,9,namesilo,,,28/09/2026 20:35
383def58-ef72-41a6-af1d-3e75ccb83832,finished.photography,available,6.98,46.48,high,low,8,namecheap,,,24/09/2026 18:27
e88b935d-8e69-4924-8dc6-2d67a300596a,believer.photography,available,14.49,36.49,high,low,8,namesilo,,,23/09/2026 05:13
ad1a8e69-6069-4cda-be34-c6ed7ba5d123,homeland.photography,available,6.41,29.18,medium,low,8,spaceship,,,28/09/2026 09:28
4f4e8bf1-37a1-4c7d-adae-2f47bad973ce,roi.photography,premium,20.9,20.9,high,low,3,spaceship,,,30/09/2026 10:11
a1a4d592-5683-494f-bcc5-24851dfc3406,hodgkin.photography,available,14.49,36.49,medium,low,7,namesilo,,,18/09/2026 01:43
dd821e5a-7486-4b90-b1a7-29b407945098,bent.photography,available,6.98,46.48,medium,low,4,namecheap,,,09/08/2026 14:16
cc91830c-93f7-4aaa-976f-c9ad0864407f,anglicans.photography,available,6.41,29.18,medium,low,9,spaceship,,,01/10/2026 17:55
5e97c2e1-f350-4a32-92ec-35e76ae8eeeb,pudding.photography,available,6.98,46.48,high,low,7,namecheap,,,28/09/2026 15:09
b032961c-120d-43ba-ab08-dfe5387b6175,estado.photography,available,9.99,61.99,high,low,6,godaddy,,,01/10/2026 00:20
41ed1cd3-9f1d-41e4-a564-83d44656386a,unsorted.photography,available,6.98,46.48,medium,low,8,namecheap,,,12/09/2026 04:50
33455b6b-5dd9-4272-bcac-b22771d3490e,alloy.photography,available,14.49,36.49,high,low,5,namesilo,,,17/09/2026 09:02
0d2bce66-0113-49ee-8332-b9188c82ed80,smarting.photography,available,6.98,46.48,medium,low,8,namecheap,,,10/09/2026 11:48
b3fd3839-3721-4510-8bca-b8e88dda6916,tirana.photography,available,14.49,36.49,high,low,6,namesilo,,,18/09/2026 02:27
deb01985-8fda-406f-86a1-09a65e209408,attributions.photography,available,6.41,29.18,medium,low,12,spaceship,,,01/10/2026 17:31
1f25dce6-bc09-481a-90eb-7cbf57552835,forthright.photography,available,6.98,46.48,high,low,10,namecheap,,,11/08/2026 16:42
c90c94e6-a84a-4b7e-802a-529d239a2917,saucepan.photography,available,13.5,,high,low,8,unstoppable,,,30/09/2026 10:36
011278c6-5dbd-49bb-a8a3-1f281e0e48a9,nitrous.photography,available,6.98,46.48,high,low,7,namecheap,,,08/08/2026 03:03
de09186a-2213-4184-8912-a7b3ddbc734e,unprotected.photography,available,28.2,28.2,medium,low,11,cloudflare,,,30/09/2026 12:02
292e7150-1107-44c7-aa03-413d7257288e,career.photography,premium,23.6,23.6,high,low,6,namesilo,,,29/09/2026 05:57
e009f03e-1f7f-40cf-a1d9-01933d1fb359,isoclinic.photography,available,6.98,46.48,medium,low,9,namecheap,,,22/08/2026 11:02
eca39a2f-5fdd-4976-b914-805c1f8e2ece,merciful.photography,available,6.98,46.48,high,low,8,namecheap,,,24/08/2026 20:34
f41cb989-940d-41dd-9a8a-cdcd71eb7310,unshaven.photography,available,6.98,46.48,medium,low,8,namecheap,,,12/09/2026 19:40
d883d2e6-87ec-49cf-9529-0ea9e1f59a2b,bey.photography,available,14.49,36.49,medium,low,3,namesilo,,,23/09/2026 12:10
87d365a7-f30c-4d4c-ba46-e5fa23440e86,bedevil.photography,available,6.98,46.48,medium,low,7,namecheap,,,14/08/2026 21:15
4d3bcb1d-44e9-4b76-8b03-d22e449d5629,renovation.photography,available,14.49,36.49,high,low,10,namesilo,,,30/09/2026 16:00
5b564394-7728-4804-9920-3acf2849fb77,rue.photography,premium,26,26,high,low,3,namecheap,,,30/09/2026 17:34
32c7efe7-7a7a-4d63-a09f-7cdff214fdf3,nadine.photography,available,5.66,29.35,medium,low,6,porkbun,,,29/09/2026 22:08
d2b54fdb-4678-40b3-859d-a99c472e1ce0,tantalum.photography,available,6.98,46.48,medium,low,8,namecheap,,,20/09/2026 23:42
45b7393d-a09b-4b73-829d-77bbb3d6e70d,reefs.photography,available,6.41,29.18,medium,low,5,spaceship,,,02/10/2026 02:37
59b44398-8ade-4569-b557-595961603629,haughty.photography,available,6.98,46.48,medium,low,7,namecheap,,,21/08/2026 01:24
b06f4c4f-60cd-408c-8ae2-aea30bf5ea62,dropped.photography,available,6.98,46.48,medium,low,7,namecheap,,,25/09/2026 20:16
3f1b0c0b-c22f-48cf-9849-dc056651cd6a,evenly.photography,available,6.98,46.48,medium,low,6,namecheap,,,14/09/2026 16:30
ccb13d19-63ab-4ade-b9a7-242aa8c5cee0,breakfast.photography,available,6.98,46.48,high,low,9,namecheap,,,04/09/2026 13:27
52a2967e-4c2e-4619-8591-26102e53ebf8,blowzy.photography,available,6.98,46.48,medium,low,6,namecheap,,,10/08/2026 15:41
fa412c70-129f-4be5-bf8d-b322c68de4b2,nowhere.photography,available,6.41,29.18,high,low,7,spaceship,,,28/09/2026 16:28
b94602b0-1947-4846-bd60-0601eaca6a36,slowed.photography,available,14.49,36.49,medium,low,6,namesilo,,,20/09/2026 15:42
bca8c060-822a-47ef-943e-3c2d4cedd345,ancients.photography,available,14.49,36.49,high,low,8,namesilo,,,19/09/2026 03:51
7db17696-ec5c-4f09-a731-469323c9c2eb,celluloid.photography,available,6.98,46.48,high,low,9,namecheap,,,11/08/2026 23:34
0dbd42ff-c3db-402f-8a0d-1ac6d196f591,conceive.photography,available,6.41,29.18,high,low,8,spaceship,,,29/09/2026 14:04
ef0751a1-d7d9-40ae-85d3-ff65bf537d0f,greetings.photography,available,6.41,29.18,high,low,9,spaceship,,,01/10/2026 18:03
bfcdfc31-94df-455b-a6d4-76bcd56358de,aslant.photography,available,6.98,46.48,medium,low,6,namecheap,,,07/08/2026 03:56
0712cfc7-3c4b-4e66-bc65-286d920637ef,cousins.photography,available,6.98,46.48,high,low,7,namecheap,,,19/09/2026 21:00
c4003c18-c0c3-4252-922c-91b486bdbcd6,actinia.photography,available,14.49,36.49,medium,low,7,namesilo,,,17/09/2026 04:43
62b8a358-66ef-4fa8-ba62-9ca2bc1550cc,keypress.photography,available,9.99,,medium,low,9,name.com,,,
d5cfa92b-0cc5-40ee-9a00-79747bfdabcc,bubonic.photography,available,6.98,46.48,medium,low,7,namecheap,,,11/08/2026 07:26
c7de7083-59c9-4f3d-a3e7-7cc34011dbe6,robust.photography,available,6.98,46.48,high,low,6,namecheap,,,18/08/2026 18:02
3500864a-0c76-4714-921f-127b9d5bf06d,sparing.photography,available,6.98,46.48,high,low,7,namecheap,,,18/08/2026 16:58
96b09574-f398-405b-937d-145141d8b9d6,gutter.photography,available,6.98,46.48,high,low,6,namecheap,,,29/09/2026 12:59
8a3ed01b-5c5d-4081-8fe9-32bb6e26eee8,chester.photography,available,6.98,46.48,high,low,7,namecheap,,,28/09/2026 01:40
e6bea5c2-bdad-4e8e-91a4-48645a334f24,grievance.photography,available,13.5,,medium,low,9,unstoppable,,,02/10/2026 05:07
3596fd34-a3ba-44d5-921f-487116d42865,lion.photography,resell,,,high,medium,4,"GoDaddy.com, LLC",12/02/2014 16:00,12/02/2027 16:00,30/09/2026 01:36
6ff87717-42d5-476f-8706-af610737075a,opener.photography,available,6.41,29.18,medium,low,6,spaceship,,,28/09/2026 20:02
8b58992d-7124-4cae-a49b-5f050b5475e5,stat.photography,available,5.57,30.18,high,low,4,dynadot,,,01/10/2026 11:22
05c693fa-4933-4955-bc06-3bb328005354,remainder.photography,available,6.98,46.48,high,low,9,namecheap,,,09/09/2026 15:03
19f4c5de-a959-43cb-bf3c-8b452abe4653,smiley.photography,available,5.66,29.35,high,low,6,porkbun,,,29/09/2026 20:24
060a746c-f5ce-4e9b-b3bf-178ccee69ca1,molding.photography,available,14.49,36.49,high,low,7,namesilo,,,24/09/2026 15:24
94a5e0e7-e3aa-431f-bd25-5fa9786f6c4b,duchamp.photography,available,6.41,29.18,high,low,7,spaceship,,,01/10/2026 19:16
ea67a021-c192-4ffa-a7a5-b073629f365e,franck.photography,available,6.98,46.48,medium,low,6,namecheap,,,29/09/2026 00:24
caca13aa-b780-4419-8797-4969b51db2ed,slime.photography,available,14.49,36.49,high,low,5,namesilo,,,29/09/2026 12:55
d1aa6251-6370-4b20-ac44-29d8588a8ac8,seeded.photography,available,6.98,46.48,medium,low,6,namecheap,,,10/09/2026 01:43
81d1eb4b-d568-4230-a0f6-d561dbe1b95f,tripod.photography,available,5.66,29.35,high,low,6,porkbun,,,30/09/2026 19:02
70aecd55-2394-47a2-8731-f156ef006da9,continues.photography,available,14.49,36.49,medium,low,9,namesilo,,,17/09/2026 13:29
8bbd2966-5928-4f32-a3f2-39e931284e69,rime.photography,available,6.98,46.48,high,low,4,namecheap,,,21/08/2026 10:08
0fcf5023-3652-49ce-9afe-4bdff3605547,esters.photography,available,6.41,29.18,low,low,6,spaceship,,,28/09/2026 13:25
92b4c75b-5add-490f-9899-ce2b106cb223,groningen.photography,available,14.49,36.49,medium,low,9,namesilo,,,29/09/2026 03:44
f1a6ce40-26f6-4c5a-b1dd-01f7535a8c89,animism.photography,available,14.49,36.49,medium,low,7,namesilo,,,19/09/2026 09:19
9de31bdf-8333-4137-9337-0a2e214932ad,thai.photography,premium,23.6,23.6,high,low,4,namesilo,,,10/09/2026 07:23
d6b65519-c353-43e7-b9a4-81d3f0c78df6,brie.photography,available,6.41,29.18,medium,low,4,spaceship,,,29/09/2026 04:09
55473994-c986-49e1-9fd7-7aa5984a748a,disclose.photography,available,6.41,29.18,high,low,8,spaceship,,,29/09/2026 20:42
81032e0e-55ae-4477-a81e-8e0081c77269,tremble.photography,available,6.41,29.18,medium,low,7,spaceship,,,01/10/2026 21:40
faf2e10d-86f3-47b3-b608-3c05b94a19e9,hoarfrost.photography,available,6.98,46.48,medium,low,9,namecheap,,,21/08/2026 10:07
aa73cdc3-3fc7-40a8-ba98-f71e29e5e64e,vitally.photography,available,14.49,36.49,medium,low,7,namesilo,,,16/09/2026 11:05
ea1323e4-9226-49aa-a170-beaa5deacdb9,indonesian.photography,available,6.98,46.48,high,low,10,namecheap,,,22/08/2026 03:20
ec278531-4243-4a46-9705-77a56c143611,reviewers.photography,available,14.49,36.49,medium,low,9,namesilo,,,21/09/2026 09:06
1ca7da25-b954-40e6-a5f9-1a462a45f7ee,mutable.photography,available,6.98,46.48,medium,low,7,namecheap,,,12/08/2026 01:50
075894f4-fefa-40d1-8618-f0d91fd2c6c7,broadcaster.photography,available,6.41,29.18,high,low,11,spaceship,,,02/10/2026 02:31
8c952d2d-c9b0-40a5-9955-40cd68517a57,bountiful.photography,available,6.98,46.48,high,low,9,namecheap,,,09/08/2026 20:52
8c3ac970-c86f-4db2-b95e-6a82055dabd2,proverbial.photography,available,6.98,46.48,high,low,10,namecheap,,,09/09/2026 04:32
cc8c380e-b538-489d-aa03-ed08a5025476,recognition.photography,available,9.99,,high,low,11,name.com,,,
b09dbb32-ed4f-473d-9197-7979677be9a5,resigned.photography,available,6.41,29.18,low,low,8,spaceship,,,28/09/2026 17:54
9a48b997-3cfb-4599-adc2-21bd97e6c774,keno.photography,available,14.49,36.49,high,low,4,namesilo,,,22/09/2026 20:42
dc570b78-9cf0-4bd1-bcdd-981d3ad10ea9,maurer.photography,available,6.98,46.48,medium,low,6,namecheap,,,30/09/2026 07:54
0fc3a031-d5a4-4854-8e3c-56a5efee9e3c,bioassay.photography,available,14.49,36.49,medium,low,8,namesilo,,,23/09/2026 17:38
8a792e77-4669-4b39-83c5-bf52404923f2,spots.photography,available,6.98,46.48,high,low,5,namecheap,,,27/09/2026 04:00
67992cc1-e14b-41af-9fbe-305ec3c077d1,chinatown.photography,available,6.41,29.18,high,low,9,spaceship,,,28/09/2026 15:39
54d32ee1-54c1-474b-aed2-77c5229e131e,elfin.photography,available,6.98,46.48,medium,low,5,namecheap,,,16/08/2026 03:37
2a534d46-93de-450d-ac2b-1ba68f2e32b7,satisfies.photography,available,14.49,36.49,medium,low,9,namesilo,,,20/09/2026 14:54
cf68586a-3fe2-4c61-9cbe-3a468bfba05b,fumble.photography,available,14.49,36.49,high,low,6,namesilo,,,30/09/2026 16:28
1b3dca60-9e39-40f7-9ee7-c7c40600e111,anuria.photography,available,14.49,36.49,medium,low,6,namesilo,,,19/09/2026 15:55
cbb93bb0-0364-479f-b639-08e4a1e41a62,horseman.photography,available,6.98,46.48,high,low,8,namecheap,,,17/08/2026 11:44
44da40fb-bd9b-4d5b-9a9b-114cf7cf7fad,kong.photography,available,14.49,36.49,high,low,4,namesilo,,,25/09/2026 12:08
b0a743cb-a676-46a4-bb6d-9d9f0d0a0c9f,thirdhand.photography,available,6.98,46.48,medium,low,9,namecheap,,,11/09/2026 13:59
d16089ba-842d-431e-a6d4-9a6da964cac8,yowl.photography,available,14.49,36.49,medium,low,4,namesilo,,,23/09/2026 06:24
eaa303d0-e2cf-486a-a02d-3e29167a2f92,amylum.photography,available,14.49,36.49,medium,low,6,namesilo,,,19/09/2026 00:32
9b73f790-c9f4-4702-9d23-936e5c1c5270,inches.photography,available,14.49,36.49,low,low,6,namesilo,,,25/09/2026 20:47
0c1431d1-3e95-4a14-b295-beacf556b5e7,hovers.photography,available,14.49,36.49,medium,low,6,namesilo,,,21/09/2026 10:26
87b2ee23-4fb5-4011-9116-efa54afcba99,keyrings.photography,available,14.49,36.49,medium,low,8,namesilo,,,20/09/2026 12:08
dd8b2ebd-67bf-4f24-9e31-9938fd85c124,dolls.photography,available,13.5,,medium,low,5,unstoppable,,,28/09/2026 09:09
d3330209-bf30-41bd-9190-858cf40916bf,frown.photography,available,13.5,,high,low,5,unstoppable,,,02/10/2026 04:58
f499c753-54f4-48d0-8425-e32000725ac9,mallet.photography,available,6.98,46.48,high,low,6,namecheap,,,02/10/2026 05:43
98a4fd80-5b23-4d72-85eb-cd7d2988355a,leaden.photography,available,6.98,46.48,medium,low,6,namecheap,,,22/08/2026 21:44
b3f8b152-a4d5-455e-b260-7efa0efc93e4,leger.photography,available,14.49,36.49,high,low,5,namesilo,,,16/09/2026 23:07
931f8247-2401-4c35-a370-f934ba73aa0c,apologise.photography,available,5.57,30.18,high,low,9,dynadot,,,30/09/2026 15:07
82b7b33c-9c38-4185-a62b-3ab9ec40a731,prettiest.photography,available,14.49,36.49,high,low,9,namesilo,,,18/09/2026 03:32
fb0ec601-e565-4caf-9d4f-6dd3e1115e62,shifting.photography,available,6.41,29.18,high,low,8,spaceship,,,27/09/2026 21:05
f9cd6ee8-aa11-4c03-bfbe-98458b95411d,quintette.photography,available,6.98,46.48,medium,low,9,namecheap,,,09/09/2026 09:00
46693b83-9f43-43c9-9c67-8a52f7285e20,few.photography,premium,26,26,high,low,3,namecheap,,,24/09/2026 17:38
3315f4b6-342e-4d92-ab60-7ff60f26788a,disclosure.photography,available,14.49,36.49,high,low,10,namesilo,,,27/09/2026 13:47
7c1485ad-342e-486b-b72e-ca69ab0e842b,endogamic.photography,available,6.98,46.48,medium,low,9,namecheap,,,17/08/2026 01:11
c86615f3-c338-46b5-83bc-889b00b7f255,foodie.photography,premium,500,500,high,low,6,name.com,,,17/08/2026 10:47
acd4dde6-0814-44a0-8cb0-d1dfa49d4cb0,enslaved.photography,available,13.5,,low,low,8,unstoppable,,,30/09/2026 22:26
ca379121-68cd-4899-a145-836df590f4e1,chatterbox.photography,available,6.98,46.48,high,low,10,namecheap,,,21/09/2026 12:28
25b6cfe1-eff6-44b8-a4e9-b0e1cca834f9,folds.photography,available,13.5,,medium,low,5,unstoppable,,,30/09/2026 14:49
6b31a0f7-a0a5-4540-a337-6a0726d37dd9,nemo.photography,available,6.41,29.18,high,low,4,spaceship,,,30/09/2026 21:32
ed7ee4e1-0a6e-409f-98df-981a9c6c2d26,successive.photography,available,6.98,46.48,high,low,10,namecheap,,,10/09/2026 04:29
361c9ceb-3f27-40df-b112-9903b81a088b,jib.photography,premium,26,26,high,low,3,namecheap,,,21/09/2026 22:10
e07a195d-8b85-48b6-989e-f0e5034dde43,posters.photography,resell,,,high,low,7,"GoDaddy.com, LLC",03/03/2014 02:08,03/03/2027 02:08,26/09/2026 08:16
b75e6414-d255-476e-b2d0-233c465df62f,localised.photography,available,6.98,46.48,medium,low,9,namecheap,,,24/08/2026 08:47
ec7aef8a-a49e-4c79-82c0-f2b3cf8174ad,scruples.photography,available,14.49,36.49,high,low,8,namesilo,,,24/09/2026 17:26
6e12d85c-7698-49b9-9718-daf0eed4d514,members.photography,available,14.49,36.49,medium,low,7,namesilo,,,25/09/2026 17:16
bfaf7e0f-5fd7-400a-a9e0-5ccc4ac80159,motivating.photography,available,6.98,46.48,high,low,10,namecheap,,,25/08/2026 07:36
22035c06-8c26-4ad7-906d-e3e7a9b9d18d,enatic.photography,available,6.98,46.48,medium,low,6,namecheap,,,16/08/2026 21:20
42d46b4d-a926-48d4-958c-f84d7dc3277a,rectal.photography,available,6.98,46.48,medium,low,6,namecheap,,,09/09/2026 11:51
0dbb9edf-1a0d-4430-8a50-d4ae3e28a6c8,reconstructed.photography,available,5.57,30.18,medium,low,13,dynadot,,,30/09/2026 22:29
0189a251-16dc-4e1b-84f9-2a0ce33ea2c0,stieglitz.photography,available,14.49,36.49,high,low,9,namesilo,,,18/09/2026 06:45
569b6800-5a09-4f7e-8033-94531a7ec7a5,twenties.photography,available,6.98,46.48,high,low,8,namecheap,,,16/09/2026 12:09
030f2419-cd79-43f8-8cd3-848f1fadfdb5,pass.photography,available,14.49,36.49,high,low,4,namesilo,,,27/09/2026 02:49
493205da-66fb-4835-a865-edd41fc097a1,sneak.photography,available,14.49,36.49,high,low,5,namesilo,,,23/09/2026 12:44
eae6782b-f539-4e3c-a91a-e46e46e0effd,externally.photography,available,6.98,46.48,medium,low,10,namecheap,,,14/09/2026 17:11
2b2ffa77-db97-4416-b3ca-539f9c04cf0e,aculeus.photography,available,14.49,36.49,medium,low,7,namesilo,,,17/09/2026 05:33
c48a8dfd-353c-44ed-8357-7e7f719bd239,thrown.photography,available,13.5,,medium,low,6,unstoppable,,,28/09/2026 09:15
7ea4d617-f901-4c9e-ae37-720328d1d9a3,bras.photography,available,14.49,36.49,high,low,4,namesilo,,,17/09/2026 13:20
959b67cb-30dd-4da9-b70c-b9b9080897e3,bather.photography,available,6.98,46.48,medium,low,6,namecheap,,,22/09/2026 13:31
dc370744-068e-420b-8a50-665242fb5644,arriver.photography,available,14.49,36.49,medium,low,7,namesilo,,,20/09/2026 09:16
3f076ef1-3682-4141-940b-cc2d886209f4,screening.photography,available,14.49,36.49,high,low,9,namesilo,,,30/09/2026 03:58
8b6aba28-d697-437b-b246-ff1aa4106541,jain.photography,available,6.98,46.48,high,low,4,namecheap,,,22/08/2026 12:04
c2c34bec-0273-4e41-9c38-23a6ca08a49c,ravine.photography,available,6.41,29.18,high,low,6,spaceship,,,30/09/2026 18:25
ebaa6e04-7f70-46c9-bbfc-a67b5d6dc50e,wavering.photography,available,6.98,46.48,medium,low,8,namecheap,,,13/09/2026 00:41
acc04b52-bacd-4018-8e08-81c8fc41af26,impulses.photography,available,6.98,46.48,medium,low,8,namecheap,,,30/09/2026 14:13
d65af885-ec1d-40dc-9b8c-b535e9fb92b0,anatomical.photography,available,6.98,46.48,medium,low,10,namecheap,,,
5a5eff4f-a1a0-4a41-8843-562587871c45,carpal.photography,available,6.98,46.48,high,low,6,namecheap,,,11/08/2026 19:34
285647c6-0cb7-453d-b9b7-c01e34333fe5,mean.photography,available,6.98,46.48,high,low,4,namecheap,,,22/09/2026 18:47
eb045862-0653-4c80-9805-5e008ae6cbb3,skint.photography,available,6.98,46.48,medium,low,5,namecheap,,,11/08/2026 05:21
8f989df5-f431-46ba-bced-da00aee3da18,escalator.photography,available,13.5,,high,low,9,unstoppable,,,02/10/2026 04:44
f08b4915-df3d-45ca-8630-957858f9628d,sacred.photography,available,14.49,36.49,high,low,6,namesilo,,,24/09/2026 23:19
e391bdf6-bc2b-46ba-8f57-6ee4b0e9da9c,pierced.photography,available,6.98,46.48,high,low,7,namecheap,,,08/09/2026 16:50
4c6bd469-8d41-4887-a8b3-4faac831f7fc,crummy.photography,available,6.98,46.48,medium,low,6,namecheap,,,11/08/2026 09:02
341f7c91-74fb-4ceb-b3d0-88d2d6544378,wellbeing.photography,available,13.5,,high,low,9,unstoppable,,,28/09/2026 09:56
c91bb186-2d69-4e68-b6a3-440af42b4fc0,uttered.photography,available,6.98,46.48,medium,low,7,namecheap,,,17/08/2026 18:44
8db89ed2-253f-4c53-bd57-c4fbfac1feea,abject.photography,available,6.98,46.48,medium,low,6,namecheap,,,
b60251f1-88fe-4f7e-9c44-17e459ec9a1e,botanic.photography,available,6.98,46.48,high,low,7,namecheap,,,10/08/2026 20:46
b3f6496d-161a-4171-ac98-b64377f4fd6a,decides.photography,available,14.49,36.49,medium,low,7,namesilo,,,20/09/2026 06:39
bdb0ad4e-7ea2-4ea4-acdb-671b4ddbd7c5,exile.photography,available,6.41,29.18,high,low,5,spaceship,,,28/09/2026 18:57
f6f08d30-6b93-49fc-8d67-9611823ad2fc,baht.photography,available,14.49,36.49,medium,low,4,namesilo,,,21/09/2026 18:46
d3733195-e3a3-4710-882d-3933b534fed1,quotable.photography,available,6.98,46.48,high,low,8,namecheap,,,09/09/2026 09:10
03465e73-840c-4709-b68c-9edbdabd4772,beerbohm.photography,available,14.49,36.49,medium,low,8,namesilo,,,23/09/2026 01:47
f868322f-9beb-4cfe-8ca6-551f2e0fc297,impressed.photography,available,6.41,29.18,high,low,9,spaceship,,,01/10/2026 17:56
0259f514-0298-40b3-a072-4981b08f33b3,apostles.photography,available,14.49,36.49,medium,low,8,namesilo,,,01/10/2026 15:28
a6679026-727b-4e95-b0c1-f4fe3bfcde7b,overall.photography,available,14.49,36.49,high,low,7,namesilo,,,26/09/2026 03:25
f3fdaf7a-b0be-4360-a052-7a7e30e8d67c,annulated.photography,available,6.98,46.48,medium,low,9,namecheap,,,
6e2d4b16-a4fd-44f0-b32a-21f28f687dc8,tres.photography,available,5.57,30.18,high,low,4,dynadot,,,01/10/2026 22:18
83915b8f-8dba-4dd4-ab98-0103a3977ffe,engage.photography,available,6.41,29.18,high,low,6,spaceship,,,29/09/2026 22:50
2f710cab-4cb9-4f74-a8bb-db61c02ce55e,faddish.photography,available,6.98,46.48,high,low,7,namecheap,,,17/08/2026 20:33
a9035d40-5238-4617-b045-3d26e8f9e392,bigamy.photography,available,14.49,36.49,medium,low,6,namesilo,,,23/09/2026 15:03
4fefe770-29d6-4e59-bd5c-a8f898455988,radiopaque.photography,available,6.98,46.48,high,low,10,namecheap,,,09/09/2026 09:41
7d983d68-c2e0-4b8e-8b1b-38d0e0edea05,verify.photography,available,14.49,36.49,high,medium,6,namesilo,,,30/09/2026 12:41
c563eae5-b0c6-4782-8071-d5429b837875,prim.photography,available,9.99,46.99,high,low,4,name.com,,,13/08/2026 15:46
43bfab24-b2a1-46fc-b20a-32fff2da1fcc,screwing.photography,available,6.98,46.48,medium,low,8,namecheap,,,18/08/2026 17:28
3ed469d5-3a8f-4036-adde-0d65a5dfe3ab,tossing.photography,available,6.41,29.18,high,low,7,spaceship,,,30/09/2026 03:58
ac6fe97c-8a39-42b7-a6f6-1ecbbca7d83d,worm.photography,available,6.98,46.48,high,low,4,namecheap,,,29/09/2026 15:08
2740c70a-7cb7-45c4-b059-d515a7515afe,enormously.photography,available,6.98,46.48,medium,low,10,namecheap,,,14/09/2026 15:47
393d9c9d-84ac-4fd5-94a4-cd436fc09da0,anticancer.photography,available,14.49,36.49,high,low,10,namesilo,,,22/09/2026 06:38
084a7238-b910-47ac-8540-8e850450e1cd,dsc.photography,available,6.41,29.18,high,low,3,spaceship,,,29/09/2026 21:44
02ee3fa8-d343-47e5-bb59-dc3b29d0814b,stigma.photography,available,28.2,28.2,high,low,6,cloudflare,,,30/09/2026 18:51
0528df0e-ec2f-4616-a844-7703a9421d94,sanchez.photography,premium,23.6,23.6,high,low,7,namesilo,,,19/09/2026 04:36
f2a69407-51f2-4328-9318-be1b20eeac2f,brecht.photography,available,6.98,46.48,high,low,6,namecheap,,,23/09/2026 10:18
2ea4f4ae-a47b-4c47-bbd3-23f32bbf53dd,emotional.photography,available,6.98,46.48,high,low,9,namecheap,,,16/08/2026 15:56
634c450b-6789-493b-9712-fa529553d5e6,inquirer.photography,available,14.49,36.49,medium,low,8,namesilo,,,20/09/2026 14:22
8cb891c0-6521-49ed-beac-b6f5cfedc6f1,clubs.photography,available,14.49,36.49,high,low,5,namesilo,,,27/09/2026 08:43
def52ccd-e1d6-4b66-b109-8074c5626e1b,kathmandu.photography,available,13.5,,medium,low,9,unstoppable,,,29/09/2026 06:13
9cef432a-12b4-4e99-8a20-f7710b1b7bb5,crippled.photography,available,6.98,46.48,medium,low,8,namecheap,,,13/08/2026 07:00
43456992-46e0-4c09-9a72-3d4a5d7b3d67,propertied.photography,available,6.98,46.48,medium,low,10,namecheap,,,09/09/2026 03:34
a83edcd5-fbbe-4d05-8e4a-45f9c74590f0,regardless.photography,available,14.49,36.49,high,low,10,namesilo,,,27/09/2026 11:13
6b4d1862-4cce-4af9-862a-b3a3f210692b,weston.photography,available,14.49,36.49,high,low,6,namesilo,,,25/09/2026 05:16
6868b02f-be19-4423-92f1-0810b1ffe083,bathos.photography,available,6.98,46.48,medium,low,6,namecheap,,,22/09/2026 13:49
3a5b1580-d82d-4649-a101-c53caf11afae,crocked.photography,available,6.98,46.48,low,low,7,namecheap,,,09/08/2026 15:34
552d91c7-b814-43ea-876b-2b131a02e33c,ensure.photography,available,14.49,36.49,high,low,6,namesilo,,,30/09/2026 15:26
529ed11f-127d-4beb-85ba-c579b4e8983e,figuring.photography,available,6.41,29.18,high,low,8,spaceship,,,29/09/2026 12:20
4e32c878-e4c9-443d-b990-d3b4b7d6b234,fontainebleau.photography,available,6.41,29.18,medium,low,13,spaceship,,,30/09/2026 13:48